CREATE DATABASE  IF NOT EXISTS `malife` /*!40100 DEFAULT CHARACTER SET utf8mb3 */ /*!80016 DEFAULT ENCRYPTION='N' */;
USE `malife`;
-- MySQL dump 10.13  Distrib 8.0.30, for Win64 (x86_64)
--
-- Host: 127.0.0.1    Database: malife
-- ------------------------------------------------------
-- Server version	8.0.30

/*!40101 SET @OLD_CHARACTER_SET_CLIENT=@@CHARACTER_SET_CLIENT */;
/*!40101 SET @OLD_CHARACTER_SET_RESULTS=@@CHARACTER_SET_RESULTS */;
/*!40101 SET @OLD_COLLATION_CONNECTION=@@COLLATION_CONNECTION */;
/*!50503 SET NAMES utf8 */;
/*!40103 SET @OLD_TIME_ZONE=@@TIME_ZONE */;
/*!40103 SET TIME_ZONE='+00:00' */;
/*!40014 SET @OLD_UNIQUE_CHECKS=@@UNIQUE_CHECKS, UNIQUE_CHECKS=0 */;
/*!40014 SET @OLD_FOREIGN_KEY_CHECKS=@@FOREIGN_KEY_CHECKS, FOREIGN_KEY_CHECKS=0 */;
/*!40101 SET @OLD_SQL_MODE=@@SQL_MODE, SQL_MODE='NO_AUTO_VALUE_ON_ZERO' */;
/*!40111 SET @OLD_SQL_NOTES=@@SQL_NOTES, SQL_NOTES=0 */;

--
-- Table structure for table `sequences`
--

DROP TABLE IF EXISTS `sequences`;
/*!40101 SET @saved_cs_client     = @@character_set_client */;
/*!50503 SET character_set_client = utf8mb4 */;
CREATE TABLE `sequences` (
  `name` varchar(32) DEFAULT NULL,
  `currval` bigint unsigned DEFAULT NULL
) ENGINE=InnoDB DEFAULT CHARSET=utf8mb4 COLLATE=utf8mb4_0900_ai_ci;
/*!40101 SET character_set_client = @saved_cs_client */;

--
-- Dumping data for table `sequences`
--

LOCK TABLES `sequences` WRITE;
/*!40000 ALTER TABLE `sequences` DISABLE KEYS */;
INSERT INTO `sequences` VALUES ('accidentacno',6);
/*!40000 ALTER TABLE `sequences` ENABLE KEYS */;
UNLOCK TABLES;

--
-- Table structure for table `tbcab0100`
--

DROP TABLE IF EXISTS `tbcab0100`;
/*!40101 SET @saved_cs_client     = @@character_set_client */;
/*!50503 SET character_set_client = utf8mb4 */;
CREATE TABLE `tbcab0100` (
  `ACD_ACNO` varchar(10) NOT NULL,
  `IPDTM` timestamp NOT NULL DEFAULT CURRENT_TIMESTAMP ON UPDATE CURRENT_TIMESTAMP,
  `INPP_CD` varchar(8) NOT NULL,
  `BILG_CUST_ID` char(10) DEFAULT NULL,
  `ACD_CUST_ID` char(10) DEFAULT NULL,
  `BLLP_ACDP_RSPCD` char(2) DEFAULT NULL,
  `ACPT_RQDT` char(8) DEFAULT NULL,
  `ACD_ACPT_PCD` varchar(2) DEFAULT NULL,
  `ACD_ACPT_PRG_SCD` varchar(2) DEFAULT NULL,
  `ACPP_CD` varchar(8) NOT NULL,
  `INFO_OFR_AGDT` char(8) DEFAULT NULL,
  `ACDP_JOBCD` varchar(6) DEFAULT NULL,
  `EMAIL_REQ` char(1) DEFAULT NULL,
  `NTCLT_ISU_TGT_YN` char(1) DEFAULT NULL,
  `SMS_REQ_YN` char(1) DEFAULT NULL,
  `EMAIL_REQ_YN` char(1) DEFAULT NULL,
  `NTYCLT_ISU_TGT_YN` char(1) DEFAULT NULL,
  `PRFP_ISRD_INFO_AGYN` char(1) DEFAULT NULL,
  `ACDP_SPNTF` varchar(1000) DEFAULT NULL,
  `ACDP_RSDCA_DCD` varchar(2) DEFAULT NULL,
  PRIMARY KEY (`ACD_ACNO`)
) ENGINE=InnoDB DEFAULT CHARSET=utf8mb3;
/*!40101 SET character_set_client = @saved_cs_client */;

--
-- Dumping data for table `tbcab0100`
--

LOCK TABLES `tbcab0100` WRITE;
/*!40000 ALTER TABLE `tbcab0100` DISABLE KEYS */;
INSERT INTO `tbcab0100` VALUES ('4','2022-09-19 07:36:33','00000000','0000000001','0000000001','01','20220919','00','00','00000000','',NULL,NULL,NULL,NULL,NULL,NULL,NULL,NULL,NULL),('5007','2022-08-30 05:20:28','00000000','0000000001','0000000001','01','20220830','00','00','00000000','',NULL,NULL,NULL,NULL,NULL,NULL,NULL,NULL,NULL),('5008','2022-08-30 05:32:17','00000000','0000000001','0000000001','01','20220830','00','00','00000000','',NULL,NULL,NULL,NULL,NULL,NULL,NULL,NULL,NULL),('5009','2022-08-30 05:37:56','00000000','0000000001','0000000001','01','20220830','00','00','00000000','',NULL,NULL,NULL,NULL,NULL,NULL,NULL,NULL,NULL),('5010','2022-08-30 05:39:37','00000000','0000000001','0000000001','01','20220830','00','00','00000000','',NULL,NULL,NULL,NULL,NULL,NULL,NULL,NULL,NULL),('5011','2022-08-30 05:39:42','00000000','0000000001','0000000001','01','20220830','00','00','00000000','',NULL,NULL,NULL,NULL,NULL,NULL,NULL,NULL,NULL),('5012','2022-08-30 05:41:31','00000000','0000000001','0000000001','01','20220830','00','00','00000000','',NULL,NULL,NULL,NULL,NULL,NULL,NULL,NULL,NULL),('5013','2022-08-30 05:45:45','00000000','0000000001','0000000001','01','20220830','00','00','00000000','',NULL,NULL,NULL,NULL,NULL,NULL,NULL,NULL,NULL),('5014','2022-08-30 05:46:14','00000000','0000000001','0000000001','01','20220830','00','00','00000000','',NULL,NULL,NULL,NULL,NULL,NULL,NULL,NULL,NULL),('6001','2022-10-19 01:53:26','00000000','0000000001','0000000001','01','20220831','7','00','00000000','',NULL,NULL,NULL,NULL,NULL,NULL,NULL,NULL,NULL),('7001','2022-09-06 00:45:04','00000000','0000000001','0000000001','01','20220906','00','00','00000000','',NULL,NULL,NULL,NULL,NULL,NULL,NULL,NULL,NULL),('7002','2022-09-06 01:06:30','00000000','0000000001','0000000001','01','20220906','00','00','00000000','',NULL,NULL,NULL,NULL,NULL,NULL,NULL,NULL,NULL),('8004','2022-09-16 06:55:52','00000000','0000000001','0000000001','01','20220916','00','00','00000000','',NULL,NULL,NULL,NULL,NULL,NULL,NULL,NULL,NULL);
/*!40000 ALTER TABLE `tbcab0100` ENABLE KEYS */;
UNLOCK TABLES;

--
-- Table structure for table `tbcab0102`
--

DROP TABLE IF EXISTS `tbcab0102`;
/*!40101 SET @saved_cs_client     = @@character_set_client */;
/*!50503 SET character_set_client = utf8mb4 */;
CREATE TABLE `tbcab0102` (
  `BILG_ID` varchar(20) NOT NULL,
  `IPDTM` timestamp NOT NULL DEFAULT CURRENT_TIMESTAMP ON UPDATE CURRENT_TIMESTAMP,
  `INPP_CD` varchar(8) NOT NULL,
  `ACD_CUST_ID` char(10) DEFAULT NULL,
  `ACDT` char(8) DEFAULT NULL,
  `ACD_ACNO` varchar(10) DEFAULT NULL,
  `BLRS_CD` varchar(2) DEFAULT NULL,
  `ACD_CAS_DSCD` varchar(4) DEFAULT NULL,
  `ACD_RST_DSCD` varchar(4) DEFAULT NULL,
  `ACDDT` char(8) DEFAULT NULL,
  `PAY_RSN_OGTDT` char(8) DEFAULT NULL,
  `HSP_NO` varchar(8) DEFAULT NULL,
  `HSPNM` varchar(100) DEFAULT NULL,
  `DR_NO` varchar(20) DEFAULT NULL,
  `DR_NM` varchar(100) DEFAULT NULL,
  `SUROP_CD` varchar(6) DEFAULT NULL,
  `SUROP_HNNM` varchar(100) DEFAULT NULL,
  `GDAD_ACDD_DCD` varchar(1) DEFAULT NULL,
  PRIMARY KEY (`BILG_ID`)
) ENGINE=InnoDB DEFAULT CHARSET=utf8mb3;
/*!40101 SET character_set_client = @saved_cs_client */;

--
-- Dumping data for table `tbcab0102`
--

LOCK TABLES `tbcab0102` WRITE;
/*!40000 ALTER TABLE `tbcab0102` DISABLE KEYS */;
INSERT INTO `tbcab0102` VALUES ('0000000002','2022-10-17 07:10:19','00000000','0000000001','20220101','5007','34','S025','S025','20220101','20220101','0101','병원명','0011','닥터명','1111','11111','1'),('0000000003','2022-10-17 07:10:19','00000000','0000000001','20220101','5007','34','K71','K71','20220101','20220102','0101','병원명','0011','닥터명','1111','11111','1'),('0000000004','2022-10-17 07:10:19','00000000','0000000001','20220101','5007','34','K71','K71','20220101','20220102','0101','병원명','0011','닥터명','1111','11111','1'),('0000000005','2022-10-17 07:10:41','00000000','0000000001','20220101','5007','36','K71','K71','20220101','20220102','0101','병원명','0011','닥터명','','','1'),('20220913133524431','2022-09-13 04:35:24','00000000','0000000001','20220830','5008','10','K71','K71','20220901','20220906','K02023','병원1','K02024','의사1','','',''),('20220913133524449','2022-09-13 04:35:24','00000000','0000000001','20220830','5008','34','K71','K71','20220901','','K02023','병원1','K02024','의사1','11111','20220904',''),('20220913133524452','2022-09-13 04:35:24','00000000','0000000001','20220830','5008','34','K71','K71','20220901','','K02023','병원1','K02024','의사1','22222','20220905',''),('20220913133524454','2022-09-13 04:35:24','00000000','0000000001','20220830','5008','36','K71','K71','20220901','20220902','K02023','병원1','K02024','의사1','','',''),('20220913133524456','2022-09-13 04:35:24','00000000','0000000001','20220830','5008','36','K71','K71','20220901','20220903','K02023','병원1','K02024','의사1','','',''),('20220923132815878','2022-09-23 04:28:15','00000000','0000000001','20220831','6001','34','S025','S025','20220914','20220912','연세대','','의사정보','','K02023','','1'),('20220923132815891','2022-09-23 04:28:15','00000000','0000000001','20220831','6001','36','S025','S025','20220914','20220912','연세대','','의사정보','','','','1'),('20221018143735165','2022-10-18 05:37:35','00000000','0000000001','20220831','6001','10','S025','S025','20220914','20221017','연세대','','의사정보','','K02023','','1');
/*!40000 ALTER TABLE `tbcab0102` ENABLE KEYS */;
UNLOCK TABLES;

--
-- Table structure for table `tbcab0103`
--

DROP TABLE IF EXISTS `tbcab0103`;
/*!40101 SET @saved_cs_client     = @@character_set_client */;
/*!50503 SET character_set_client = utf8mb4 */;
CREATE TABLE `tbcab0103` (
  `POLI_NO` varchar(10) NOT NULL,
  `PRC_SEQ` decimal(7,0) NOT NULL,
  `PRFT_CUST_ID` char(10) NOT NULL,
  `RCP_CUST_ID` char(10) NOT NULL,
  `IPDTM` timestamp NOT NULL,
  `INPP_CD` varchar(8) NOT NULL,
  `ACD_ACNO` varchar(10) DEFAULT NULL,
  `PRFP_DCD` varchar(2) DEFAULT NULL,
  `RCPTP_ACDP_RSPCD` varchar(2) DEFAULT NULL,
  `RCPTP_CNTRP_RSPCD` varchar(2) DEFAULT NULL,
  `PAY_RTO_NUMR` decimal(9,5) DEFAULT NULL,
  `PAY_RTO_DNMT` decimal(9,5) DEFAULT NULL,
  `PAY_ACTNO` char(20) DEFAULT NULL,
  `PAY_BKCD` varchar(3) DEFAULT NULL,
  `ACTOW_RRNO` varchar(13) DEFAULT NULL,
  `ACTOW_NM` varchar(100) DEFAULT NULL,
  PRIMARY KEY (`POLI_NO`,`PRC_SEQ`,`PRFT_CUST_ID`,`RCP_CUST_ID`)
) ENGINE=InnoDB DEFAULT CHARSET=utf8mb3 COMMENT='피보험자/수익자/수령인 정보 및 각 지급 지급데이터 등재	';
/*!40101 SET character_set_client = @saved_cs_client */;

--
-- Dumping data for table `tbcab0103`
--

LOCK TABLES `tbcab0103` WRITE;
/*!40000 ALTER TABLE `tbcab0103` DISABLE KEYS */;
INSERT INTO `tbcab0103` VALUES ('1000000000',1,'0000000003','0000000003','2022-09-26 07:12:41','00000000','5007','2','2','2',NULL,NULL,'4444','004',NULL,NULL),('1000000000',2,'0000000003','0000000003','2022-09-26 07:12:41','00000000','5007','2','2','2',NULL,NULL,'4444','004',NULL,NULL),('1000000000',3,'0000000003','0000000003','2022-09-26 07:12:41','00000000','5007','2','2','2',NULL,NULL,'4444','004',NULL,NULL);
/*!40000 ALTER TABLE `tbcab0103` ENABLE KEYS */;
UNLOCK TABLES;

--
-- Table structure for table `tbcaw0100`
--

DROP TABLE IF EXISTS `tbcaw0100`;
/*!40101 SET @saved_cs_client     = @@character_set_client */;
/*!50503 SET character_set_client = utf8mb4 */;
CREATE TABLE `tbcaw0100` (
  `POLI_NO` varchar(10) NOT NULL,
  `PRC_SEQ` decimal(7,0) NOT NULL,
  `IPDTM` timestamp NOT NULL,
  `INPP_CD` varchar(8) NOT NULL,
  `BILG_ID` varchar(20) DEFAULT NULL,
  `ACD_ACNO` varchar(10) DEFAULT NULL,
  `PYDT` char(8) DEFAULT NULL,
  `PAY_WRK_MTDCD` varchar(1) DEFAULT NULL,
  PRIMARY KEY (`POLI_NO`,`PRC_SEQ`)
) ENGINE=InnoDB DEFAULT CHARSET=utf8mb3 COMMENT='계약별 사고보험금 계산';
/*!40101 SET character_set_client = @saved_cs_client */;

--
-- Dumping data for table `tbcaw0100`
--

LOCK TABLES `tbcaw0100` WRITE;
/*!40000 ALTER TABLE `tbcaw0100` DISABLE KEYS */;
INSERT INTO `tbcaw0100` VALUES ('1000000002',1,'2022-10-19 01:42:47','00000000','20220923132815878','6001','202210','1'),('1000000002',2,'2022-10-19 01:42:47','00000000','20220923132815891','6001','202210','1'),('1000000002',3,'2022-10-19 01:42:47','00000000','20221018143735165','6001','202210','1');
/*!40000 ALTER TABLE `tbcaw0100` ENABLE KEYS */;
UNLOCK TABLES;

--
-- Table structure for table `tbcaw0101`
--

DROP TABLE IF EXISTS `tbcaw0101`;
/*!40101 SET @saved_cs_client     = @@character_set_client */;
/*!50503 SET character_set_client = utf8mb4 */;
CREATE TABLE `tbcaw0101` (
  `POLI_NO` varchar(10) NOT NULL,
  `PRC_SEQ` decimal(7,0) NOT NULL,
  `IPDTM` timestamp NOT NULL DEFAULT CURRENT_TIMESTAMP ON UPDATE CURRENT_TIMESTAMP,
  `INPP_CD` varchar(8) NOT NULL,
  `PLCD` varchar(5) DEFAULT NULL,
  `PDNM` varchar(100) DEFAULT NULL,
  `CTRDT` char(8) DEFAULT NULL,
  `EXDT` char(8) DEFAULT NULL,
  `CSCD` char(2) DEFAULT NULL,
  `CNTR_DTL_SCD` char(4) DEFAULT NULL,
  `RVCY_CD` varchar(2) DEFAULT NULL,
  `RVST_CD` varchar(2) DEFAULT NULL,
  `TPRM` bigint DEFAULT NULL,
  PRIMARY KEY (`POLI_NO`,`PRC_SEQ`)
) ENGINE=InnoDB DEFAULT CHARSET=utf8mb3;
/*!40101 SET character_set_client = @saved_cs_client */;

--
-- Dumping data for table `tbcaw0101`
--

LOCK TABLES `tbcaw0101` WRITE;
/*!40000 ALTER TABLE `tbcaw0101` DISABLE KEYS */;
INSERT INTO `tbcaw0101` VALUES ('1000000002',1,'2022-10-19 01:42:47','00000000','11111','테스트','20210101','','30','3001','01','01',100000),('1000000002',2,'2022-10-19 01:42:47','00000000','11111','테스트','20210101','','30','3001','01','01',100000),('1000000002',3,'2022-10-19 01:42:47','00000000','11111','테스트','20210101','','30','3001','01','01',100000);
/*!40000 ALTER TABLE `tbcaw0101` ENABLE KEYS */;
UNLOCK TABLES;

--
-- Table structure for table `tbcaw0102`
--

DROP TABLE IF EXISTS `tbcaw0102`;
/*!40101 SET @saved_cs_client     = @@character_set_client */;
/*!50503 SET character_set_client = utf8mb4 */;
CREATE TABLE `tbcaw0102` (
  `POLI_NO` varchar(10) NOT NULL,
  `PRC_SEQ` decimal(7,0) NOT NULL,
  `MCTR_TRT_ID` varchar(20) NOT NULL,
  `IPDTM` timestamp NOT NULL DEFAULT CURRENT_TIMESTAMP ON UPDATE CURRENT_TIMESTAMP,
  `INPP_CD` varchar(8) NOT NULL,
  `PLICD` varchar(5) DEFAULT NULL,
  `PITM_NM` varchar(100) DEFAULT NULL,
  `PITM_DCD` varchar(2) DEFAULT NULL,
  `ISPRD_DCD` varchar(2) DEFAULT NULL,
  `ISPRD_DVVL` int DEFAULT NULL,
  `ISPRD` int DEFAULT NULL,
  `RVCY_CD` varchar(2) DEFAULT NULL,
  `RVPD` int DEFAULT NULL,
  `RVPD_DCD` varchar(2) DEFAULT NULL,
  `RVPD_DVVL` int DEFAULT NULL,
  `LSTRV_NBTM` int DEFAULT NULL,
  `LSTRV_YM` char(6) DEFAULT NULL,
  `LSTRV_DT` char(8) DEFAULT NULL,
  `MTDT` char(8) DEFAULT NULL,
  `NTRY_AMT` bigint DEFAULT NULL,
  `PRM` bigint DEFAULT NULL,
  `CTRDT` char(8) DEFAULT NULL,
  `EXDT` char(8) DEFAULT NULL,
  `ND2_ISPRD_OPDT` char(8) DEFAULT NULL,
  PRIMARY KEY (`POLI_NO`,`PRC_SEQ`,`MCTR_TRT_ID`)
) ENGINE=InnoDB DEFAULT CHARSET=utf8mb3;
/*!40101 SET character_set_client = @saved_cs_client */;

--
-- Dumping data for table `tbcaw0102`
--

LOCK TABLES `tbcaw0102` WRITE;
/*!40000 ALTER TABLE `tbcaw0102` DISABLE KEYS */;
INSERT INTO `tbcaw0102` VALUES ('1000000002',1,'00000000200000000001','2022-10-19 01:42:47','00000000','10000','보종10000','01','1',1,1,'00',2,'2',2,NULL,NULL,NULL,'20300101',1000000,500,'20190707',NULL,NULL),('1000000002',1,'00000000200000000002','2022-10-19 01:42:47','00000000','20001','보종20001','01','1',1,1,'00',2,'2',2,NULL,NULL,NULL,'20300101',1000000,500,'20190707',NULL,NULL),('1000000002',1,'00000000200000000003','2022-10-19 01:42:47','00000000','20002','보종20002','01','1',1,1,'00',2,'2',2,NULL,NULL,NULL,'20300101',1000000,500,'20190707',NULL,NULL),('1000000002',2,'00000000200000000001','2022-10-19 01:42:47','00000000','10000','보종10000','01','1',1,1,'00',2,'2',2,NULL,NULL,NULL,'20300101',1000000,500,'20190707',NULL,NULL),('1000000002',2,'00000000200000000002','2022-10-19 01:42:47','00000000','20001','보종20001','01','1',1,1,'00',2,'2',2,NULL,NULL,NULL,'20300101',1000000,500,'20190707',NULL,NULL),('1000000002',2,'00000000200000000003','2022-10-19 01:42:47','00000000','20002','보종20002','01','1',1,1,'00',2,'2',2,NULL,NULL,NULL,'20300101',1000000,500,'20190707',NULL,NULL),('1000000002',3,'00000000200000000001','2022-10-19 01:42:47','00000000','10000','보종10000','01','1',1,1,'00',2,'2',2,NULL,NULL,NULL,'20300101',1000000,500,'20190707',NULL,NULL),('1000000002',3,'00000000200000000002','2022-10-19 01:42:47','00000000','20001','보종20001','01','1',1,1,'00',2,'2',2,NULL,NULL,NULL,'20300101',1000000,500,'20190707',NULL,NULL),('1000000002',3,'00000000200000000003','2022-10-19 01:42:47','00000000','20002','보종20002','01','1',1,1,'00',2,'2',2,NULL,NULL,NULL,'20300101',1000000,500,'20190707',NULL,NULL);
/*!40000 ALTER TABLE `tbcaw0102` ENABLE KEYS */;
UNLOCK TABLES;

--
-- Table structure for table `tbcaw0103`
--

DROP TABLE IF EXISTS `tbcaw0103`;
/*!40101 SET @saved_cs_client     = @@character_set_client */;
/*!50503 SET character_set_client = utf8mb4 */;
CREATE TABLE `tbcaw0103` (
  `POLI_NO` varchar(10) NOT NULL,
  `PRC_SEQ` decimal(7,0) NOT NULL,
  `CUST_ID` char(10) NOT NULL,
  `CUST_CNTR_RTPY` varchar(2) NOT NULL,
  `IPDTM` timestamp NOT NULL DEFAULT CURRENT_TIMESTAMP ON UPDATE CURRENT_TIMESTAMP,
  `INPP_CD` varchar(8) NOT NULL,
  `NTRY_AGE` int DEFAULT NULL,
  `JOBCD` varchar(6) DEFAULT NULL,
  `RISK_HOBY_CD` varchar(2) DEFAULT NULL,
  `DRVG_CARTP_CD` varchar(2) DEFAULT NULL,
  `PRFP_DSTRT` int DEFAULT NULL,
  `DIAG_KDCD` varchar(2) DEFAULT NULL,
  PRIMARY KEY (`POLI_NO`,`PRC_SEQ`,`CUST_ID`,`CUST_CNTR_RTPY`)
) ENGINE=InnoDB DEFAULT CHARSET=utf8mb3;
/*!40101 SET character_set_client = @saved_cs_client */;

--
-- Dumping data for table `tbcaw0103`
--

LOCK TABLES `tbcaw0103` WRITE;
/*!40000 ALTER TABLE `tbcaw0103` DISABLE KEYS */;
INSERT INTO `tbcaw0103` VALUES ('1000000002',0,'0000000001','11','2022-10-19 01:36:19','00000000',20,'111111','1','2',NULL,''),('1000000002',0,'0000000001','21','2022-10-19 01:36:19','00000000',19,'222222','1','3',NULL,''),('1000000002',0,'0000000001','31','2022-10-19 01:36:19','00000000',30,'333333','1','4',NULL,''),('1000000002',1,'0000000001','11','2022-10-19 01:42:47','00000000',20,'111111','1','2',NULL,''),('1000000002',1,'0000000001','21','2022-10-19 01:42:47','00000000',19,'222222','1','3',NULL,''),('1000000002',1,'0000000001','31','2022-10-19 01:42:47','00000000',30,'333333','1','4',NULL,''),('1000000002',2,'0000000001','11','2022-10-19 01:42:47','00000000',20,'111111','1','2',NULL,''),('1000000002',2,'0000000001','21','2022-10-19 01:42:47','00000000',19,'222222','1','3',NULL,''),('1000000002',2,'0000000001','31','2022-10-19 01:42:47','00000000',30,'333333','1','4',NULL,''),('1000000002',3,'0000000001','11','2022-10-19 01:42:47','00000000',20,'111111','1','2',NULL,''),('1000000002',3,'0000000001','21','2022-10-19 01:42:47','00000000',19,'222222','1','3',NULL,''),('1000000002',3,'0000000001','31','2022-10-19 01:42:47','00000000',30,'333333','1','4',NULL,'');
/*!40000 ALTER TABLE `tbcaw0103` ENABLE KEYS */;
UNLOCK TABLES;

--
-- Table structure for table `tbcaw0104`
--

DROP TABLE IF EXISTS `tbcaw0104`;
/*!40101 SET @saved_cs_client     = @@character_set_client */;
/*!50503 SET character_set_client = utf8mb4 */;
CREATE TABLE `tbcaw0104` (
  `POLI_NO` varchar(10) NOT NULL,
  `PRC_SEQ` decimal(7,0) NOT NULL,
  `IPDTM` timestamp NOT NULL DEFAULT CURRENT_TIMESTAMP ON UPDATE CURRENT_TIMESTAMP,
  `INPP_CD` varchar(8) NOT NULL,
  `BILG_ISAMT` bigint NOT NULL,
  `MCTR_AMT` bigint NOT NULL,
  `TRT_ISAMT` bigint NOT NULL,
  `OTHR_DDAMT` bigint NOT NULL,
  `RPAY_AMT` bigint NOT NULL,
  `CNTR_EXPR_DCD` bigint NOT NULL,
  `PITM_EXPR_DVVL` char(1) NOT NULL,
  PRIMARY KEY (`POLI_NO`,`PRC_SEQ`)
) ENGINE=InnoDB DEFAULT CHARSET=utf8mb3;
/*!40101 SET character_set_client = @saved_cs_client */;

--
-- Dumping data for table `tbcaw0104`
--

LOCK TABLES `tbcaw0104` WRITE;
/*!40000 ALTER TABLE `tbcaw0104` DISABLE KEYS */;
INSERT INTO `tbcaw0104` VALUES ('1000000002',1,'2022-10-19 01:42:47','00000000',0,0,0,0,0,0,'0'),('1000000002',2,'2022-10-19 01:42:47','00000000',300000000,300000000,0,0,300000000,0,'0'),('1000000002',3,'2022-10-19 01:42:47','00000000',300000000,300000000,0,0,300000000,0,'0');
/*!40000 ALTER TABLE `tbcaw0104` ENABLE KEYS */;
UNLOCK TABLES;

--
-- Table structure for table `tbcaw0105`
--

DROP TABLE IF EXISTS `tbcaw0105`;
/*!40101 SET @saved_cs_client     = @@character_set_client */;
/*!50503 SET character_set_client = utf8mb4 */;
CREATE TABLE `tbcaw0105` (
  `POLI_NO` varchar(10) NOT NULL,
  `PRC_SEQ` decimal(7,0) NOT NULL,
  `MCTR_TRT_ID` varchar(20) NOT NULL,
  `IPDTM` timestamp NOT NULL DEFAULT CURRENT_TIMESTAMP ON UPDATE CURRENT_TIMESTAMP,
  `INPP_CD` varchar(8) NOT NULL,
  `PITM_EXPR_DCD` varchar(1) DEFAULT NULL,
  `CNTR_EXPR_DCD` varchar(1) DEFAULT NULL,
  `OTHR_PRC_DCD` varchar(1) DEFAULT NULL,
  `RPS_PLICD` varchar(5) DEFAULT NULL,
  `ACDP_DCD` varchar(2) DEFAULT NULL,
  `BLRS_CD` varchar(2) DEFAULT NULL,
  `ACD_TPCD` varchar(4) DEFAULT NULL,
  `BNF_TPCD` varchar(2) DEFAULT NULL,
  `BNF_CDT_KVAL` varchar(5) DEFAULT NULL,
  `BNF_SEQ` decimal(7,0) DEFAULT NULL,
  `SPC_CDR_INP_QTTY` varchar(5) DEFAULT NULL,
  `AMT_TPCD` varchar(5) DEFAULT NULL,
  `BILG_ISAMT` bigint NOT NULL,
  `OTHR_DDAMT` bigint NOT NULL,
  `RPAY_AMT` bigint NOT NULL,
  PRIMARY KEY (`POLI_NO`,`PRC_SEQ`,`MCTR_TRT_ID`)
) ENGINE=InnoDB DEFAULT CHARSET=utf8mb3;
/*!40101 SET character_set_client = @saved_cs_client */;

--
-- Dumping data for table `tbcaw0105`
--

LOCK TABLES `tbcaw0105` WRITE;
/*!40000 ALTER TABLE `tbcaw0105` DISABLE KEYS */;
INSERT INTO `tbcaw0105` VALUES ('1000000002',1,'00000000200000000001','2022-10-19 01:42:47','00000000',NULL,NULL,NULL,'10000','21','34',NULL,NULL,NULL,0,'0',NULL,0,0,0),('1000000002',1,'00000000200000000002','2022-10-19 01:42:47','00000000',NULL,NULL,NULL,'20001','21','34',NULL,NULL,NULL,0,'0',NULL,0,0,0),('1000000002',1,'00000000200000000003','2022-10-19 01:42:47','00000000',NULL,NULL,NULL,'20002','21','34',NULL,NULL,NULL,0,'0',NULL,0,0,0),('1000000002',2,'00000000200000000001','2022-10-19 01:42:47','00000000','0','0','1','10000','21','36',NULL,NULL,'1',1,'0','4326',100000000,0,100000000),('1000000002',2,'00000000200000000002','2022-10-19 01:42:47','00000000','0','0','1','20001','21','36',NULL,NULL,'1',1,'0','4326',100000000,0,100000000),('1000000002',2,'00000000200000000003','2022-10-19 01:42:47','00000000','0','0','1','20002','21','36',NULL,NULL,'1',1,'0','4326',100000000,0,100000000),('1000000002',3,'00000000200000000001','2022-10-19 01:42:47','00000000','9','9','A','10000','21','10',NULL,NULL,'1',1,'0','4010',100000000,0,100000000),('1000000002',3,'00000000200000000002','2022-10-19 01:42:47','00000000','9','9','A','20001','21','10',NULL,NULL,'1',1,'0','4010',100000000,0,100000000),('1000000002',3,'00000000200000000003','2022-10-19 01:42:47','00000000','9','9','A','20002','21','10',NULL,NULL,'1',1,'0','4010',100000000,0,100000000);
/*!40000 ALTER TABLE `tbcaw0105` ENABLE KEYS */;
UNLOCK TABLES;

--
-- Table structure for table `tbcmc001`
--

DROP TABLE IF EXISTS `tbcmc001`;
/*!40101 SET @saved_cs_client     = @@character_set_client */;
/*!50503 SET character_set_client = utf8mb4 */;
CREATE TABLE `tbcmc001` (
  `CMMCD_GRPID` varchar(5) NOT NULL,
  `CD` varchar(20) NOT NULL,
  `IPDTM` timestamp NOT NULL DEFAULT CURRENT_TIMESTAMP ON UPDATE CURRENT_TIMESTAMP,
  `INPP_CD` varchar(8) NOT NULL,
  `CD_NM` varchar(200) DEFAULT NULL,
  PRIMARY KEY (`CMMCD_GRPID`,`CD`)
) ENGINE=InnoDB DEFAULT CHARSET=utf8mb3;
/*!40101 SET character_set_client = @saved_cs_client */;

--
-- Dumping data for table `tbcmc001`
--

LOCK TABLES `tbcmc001` WRITE;
/*!40000 ALTER TABLE `tbcmc001` DISABLE KEYS */;
/*!40000 ALTER TABLE `tbcmc001` ENABLE KEYS */;
UNLOCK TABLES;

--
-- Table structure for table `tbcsb0001`
--

DROP TABLE IF EXISTS `tbcsb0001`;
/*!40101 SET @saved_cs_client     = @@character_set_client */;
/*!50503 SET character_set_client = utf8mb4 */;
CREATE TABLE `tbcsb0001` (
  `CUST_ID` char(10) NOT NULL,
  `IPDTM` timestamp NULL DEFAULT NULL,
  `INPP_CD` varchar(8) DEFAULT NULL,
  `RGNO` varchar(13) NOT NULL,
  `CSNM` varchar(100) NOT NULL,
  `CPN` varchar(20) NOT NULL,
  `EMAIL` varchar(100) DEFAULT NULL,
  `TLNO` varchar(20) DEFAULT NULL,
  `ZCD` varchar(6) DEFAULT NULL,
  `BASC_ADDR` varchar(160) DEFAULT NULL,
  `OADR` varchar(100) DEFAULT NULL,
  PRIMARY KEY (`CUST_ID`)
) ENGINE=InnoDB DEFAULT CHARSET=utf8mb3;
/*!40101 SET character_set_client = @saved_cs_client */;

--
-- Dumping data for table `tbcsb0001`
--

LOCK TABLES `tbcsb0001` WRITE;
/*!40000 ALTER TABLE `tbcsb0001` DISABLE KEYS */;
INSERT INTO `tbcsb0001` VALUES ('0000000000','2022-08-31 16:07:56','00000000','9704271484294','빈길동','0101231234',NULL,NULL,NULL,NULL,NULL),('0000000001','2021-12-31 15:00:00','00000000','8002041111111','홍길동','0101111111',NULL,NULL,NULL,NULL,NULL),('0000000002','2021-12-31 15:00:00','00000000','8002041111111','홍길순','0101111111',NULL,NULL,NULL,NULL,NULL),('0000000003','2021-12-31 15:00:00','00000000','8002041111111','홍길삼','0101111111',NULL,NULL,NULL,NULL,NULL),('0000000004','2021-12-31 15:00:00','00000000','8002041111111','홍길사','0101111111',NULL,NULL,NULL,NULL,NULL),('0000000006','2022-08-31 16:07:56','00000000','5611292781259','강길동','0101231234',NULL,NULL,NULL,NULL,NULL),('0000000007','2022-08-31 16:07:56','00000000','7611162882918','당길동','0101231234',NULL,NULL,NULL,NULL,NULL),('0000000008','2022-08-31 16:07:56','00000000','5311041168571','허길동','0101231234',NULL,NULL,NULL,NULL,NULL),('0000000009','2022-08-31 16:07:56','00000000','9304092956653','군길동','0101231234',NULL,NULL,NULL,NULL,NULL),('0000000011','2022-08-31 16:07:56','00000000','6706291652824','강전길동','0101231234',NULL,NULL,NULL,NULL,NULL),('0000000012','2022-08-31 16:07:56','00000000','9702051341483','순길동','0101231234',NULL,NULL,NULL,NULL,NULL),('0000000013','2022-08-31 16:07:56','00000000','6611111166423','사길동','0101231234',NULL,NULL,NULL,NULL,NULL),('0000000014','2022-08-31 16:07:56','00000000','9202281999253','연길동','0101231234',NULL,NULL,NULL,NULL,NULL),('0000000015','2022-08-31 16:07:56','00000000','9404181251966','부길동','0101231234',NULL,NULL,NULL,NULL,NULL),('0000000016','2022-08-31 16:07:56','00000000','7712261888846','곡길동','0101231234',NULL,NULL,NULL,NULL,NULL),('0000000017','2022-08-31 16:07:56','00000000','9211022924274','방길동','0101231234',NULL,NULL,NULL,NULL,NULL),('0000000018','2022-08-31 16:07:56','00000000','6412012619763','장곡길동','0101231234',NULL,NULL,NULL,NULL,NULL),('0000000019','2022-08-31 16:07:56','00000000','9111021184293','곽길동','0101231234',NULL,NULL,NULL,NULL,NULL),('0000000020','2022-08-31 16:07:56','00000000','8506261425919','미길동','0101231234',NULL,NULL,NULL,NULL,NULL),('0000000021','2022-08-31 16:07:56','00000000','7211141823612','어길동','0101231234',NULL,NULL,NULL,NULL,NULL),('0000000022','2022-08-31 16:07:56','00000000','5002122352144','승길동','0101231234',NULL,NULL,NULL,NULL,NULL),('0000000023','2022-08-31 16:07:56','00000000','6812141637191','당길동','0101231234',NULL,NULL,NULL,NULL,NULL),('0000000024','2022-08-31 16:07:56','00000000','8311151342818','음길동','0101231234',NULL,NULL,NULL,NULL,NULL),('0000000025','2022-08-31 16:07:56','00000000','7312171466217','시길동','0101231234',NULL,NULL,NULL,NULL,NULL),('0000000026','2022-08-31 16:07:56','00000000','7511152536116','채길동','0101231234',NULL,NULL,NULL,NULL,NULL),('0000000027','2022-08-31 16:07:56','00000000','6811292364526','돈길동','0101231234',NULL,NULL,NULL,NULL,NULL),('0000000028','2022-08-31 16:07:56','00000000','5312241963898','진길동','0101231234',NULL,NULL,NULL,NULL,NULL),('0000000029','2022-08-31 16:07:56','00000000','7202011334741','감길동','0101231234',NULL,NULL,NULL,NULL,NULL),('0000000030','2022-08-31 16:07:56','00000000','9512192951325','채길동','0101231234',NULL,NULL,NULL,NULL,NULL),('0000000031','2022-08-31 16:07:56','00000000','5912012373382','양길동','0101231234',NULL,NULL,NULL,NULL,NULL),('0000000032','2022-08-31 16:07:56','00000000','6508062975214','마길동','0101231234',NULL,NULL,NULL,NULL,NULL),('0000000033','2022-08-31 16:07:56','00000000','1112184632488','궉길동','0101231234',NULL,NULL,NULL,NULL,NULL),('0000000034','2022-08-31 16:07:56','00000000','7611291741285','견길동','0101231234',NULL,NULL,NULL,NULL,NULL),('0000000035','2022-08-31 16:07:56','00000000','6303092562897','방길동','0101231234',NULL,NULL,NULL,NULL,NULL),('0000000036','2022-08-31 16:07:56','00000000','7611071393638','함길동','0101231234',NULL,NULL,NULL,NULL,NULL),('0000000037','2022-08-31 16:07:56','00000000','5008052344273','사길동','0101231234',NULL,NULL,NULL,NULL,NULL),('0000000038','2022-08-31 16:07:56','00000000','9412132677276','나길동','0101231234',NULL,NULL,NULL,NULL,NULL),('0000000039','2022-08-31 16:07:56','00000000','8107192384565','돈길동','0101231234',NULL,NULL,NULL,NULL,NULL),('0000000040','2022-08-31 16:07:56','00000000','8612241923137','예길동','0101231234',NULL,NULL,NULL,NULL,NULL),('0000000041','2022-08-31 16:07:56','00000000','5011262925167','제길동','0101231234',NULL,NULL,NULL,NULL,NULL),('0000000042','2022-08-31 16:07:56','00000000','8403011966592','여길동','0101231234',NULL,NULL,NULL,NULL,NULL),('0000000043','2022-08-31 16:07:56','00000000','8111252897767','궁길동','0101231234',NULL,NULL,NULL,NULL,NULL),('0000000044','2022-08-31 16:07:56','00000000','6011212256364','곽길동','0101231234',NULL,NULL,NULL,NULL,NULL),('0000000045','2022-08-31 16:07:56','00000000','6008182881661','호길동','0101231234',NULL,NULL,NULL,NULL,NULL),('0000000046','2022-08-31 16:07:56','00000000','5112112661692','춘길동','0101231234',NULL,NULL,NULL,NULL,NULL),('0000000047','2022-08-31 16:07:56','00000000','9211162958788','고길동','0101231234',NULL,NULL,NULL,NULL,NULL),('0000000048','2022-08-31 16:07:56','00000000','5506172345827','강전길동','0101231234',NULL,NULL,NULL,NULL,NULL),('0000000049','2022-08-31 16:07:56','00000000','8111042621811','개길동','0101231234',NULL,NULL,NULL,NULL,NULL),('0000000050','2022-08-31 16:07:56','00000000','9412261766676','궉길동','0101231234',NULL,NULL,NULL,NULL,NULL),('0000000051','2022-08-31 16:07:56','00000000','6911241856956','마길동','0101231234',NULL,NULL,NULL,NULL,NULL),('0000000052','2022-08-31 16:07:56','00000000','9512051962718','학길동','0101231234',NULL,NULL,NULL,NULL,NULL),('0000000053','2022-08-31 16:07:56','00000000','9212021474219','어금길동','0101231234',NULL,NULL,NULL,NULL,NULL),('0000000054','2022-08-31 16:07:56','00000000','6611041545927','황길동','0101231234',NULL,NULL,NULL,NULL,NULL),('0000000055','2022-08-31 16:07:56','00000000','5812251692124','도길동','0101231234',NULL,NULL,NULL,NULL,NULL),('0000000056','2022-08-31 16:07:56','00000000','7011142832953','손길동','0101231234',NULL,NULL,NULL,NULL,NULL),('0000000057','2022-08-31 16:07:56','00000000','6201291679774','담길동','0101231234',NULL,NULL,NULL,NULL,NULL),('0000000058','2022-08-31 16:07:56','00000000','1212174552936','도길동','0101231234',NULL,NULL,NULL,NULL,NULL),('0000000059','2022-08-31 16:07:56','00000000','7911032871247','미길동','0101231234',NULL,NULL,NULL,NULL,NULL),('0000000060','2022-08-31 16:07:56','00000000','9511112749834','동방길동','0101231234',NULL,NULL,NULL,NULL,NULL),('0000000061','2022-08-31 16:07:56','00000000','6711142913256','우길동','0101231234',NULL,NULL,NULL,NULL,NULL),('0000000062','2022-08-31 16:07:56','00000000','9611191336986','순길동','0101231234',NULL,NULL,NULL,NULL,NULL),('0000000063','2022-08-31 16:07:56','00000000','9512272281197','호길동','0101231234',NULL,NULL,NULL,NULL,NULL),('0000000064','2022-08-31 16:07:56','00000000','6811052654474','이길동','0101231234',NULL,NULL,NULL,NULL,NULL),('0000000065','2022-08-31 16:07:56','00000000','8112132375845','류길동','0101231234',NULL,NULL,NULL,NULL,NULL),('0000000066','2022-08-31 16:07:56','00000000','5507292658394','천길동','0101231234',NULL,NULL,NULL,NULL,NULL),('0000000067','2022-08-31 16:07:56','00000000','5211081177581','양길동','0101231234',NULL,NULL,NULL,NULL,NULL),('0000000068','2022-08-31 16:07:56','00000000','1404254646282','국길동','0101231234',NULL,NULL,NULL,NULL,NULL),('0000000069','2022-08-31 16:07:56','00000000','6804251739735','채길동','0101231234',NULL,NULL,NULL,NULL,NULL),('0000000070','2022-08-31 16:07:56','00000000','7411062293941','뇌길동','0101231234',NULL,NULL,NULL,NULL,NULL),('0000000071','2022-08-31 16:07:56','00000000','7806221427462','방길동','0101231234',NULL,NULL,NULL,NULL,NULL),('0000000072','2022-08-31 16:07:56','00000000','5602122994816','두길동','0101231234',NULL,NULL,NULL,NULL,NULL),('0000000073','2022-08-31 16:07:56','00000000','9612292337769','망절길동','0101231234',NULL,NULL,NULL,NULL,NULL),('0000000074','2022-08-31 16:07:56','00000000','1512184686335','계길동','0101231234',NULL,NULL,NULL,NULL,NULL),('0000000075','2022-08-31 16:07:56','00000000','7412061627945','누길동','0101231234',NULL,NULL,NULL,NULL,NULL),('0000000076','2022-08-31 16:07:56','00000000','6311181929874','내길동','0101231234',NULL,NULL,NULL,NULL,NULL),('0000000077','2022-08-31 16:07:56','00000000','5111211339288','길길동','0101231234',NULL,NULL,NULL,NULL,NULL),('0000000078','2022-08-31 16:07:56','00000000','5301051722713','뇌길동','0101231234',NULL,NULL,NULL,NULL,NULL),('0000000079','2022-08-31 16:07:56','00000000','1807214443987','양길동','0101231234',NULL,NULL,NULL,NULL,NULL),('0000000080','2022-08-31 16:07:56','00000000','7704031655121','십길동','0101231234',NULL,NULL,NULL,NULL,NULL),('0000000081','2022-08-31 16:07:56','00000000','5312211811396','강길동','0101231234',NULL,NULL,NULL,NULL,NULL),('0000000082','2022-08-31 16:07:56','00000000','5402051549662','차길동','0101231234',NULL,NULL,NULL,NULL,NULL),('0000000083','2022-08-31 16:07:56','00000000','5612272881984','부길동','0101231234',NULL,NULL,NULL,NULL,NULL),('0000000084','2022-08-31 16:07:56','00000000','7512242541653','채길동','0101231234',NULL,NULL,NULL,NULL,NULL),('0000000085','2022-08-31 16:07:56','00000000','5805082663243','화길동','0101231234',NULL,NULL,NULL,NULL,NULL),('0000000086','2022-08-31 16:07:56','00000000','6802041962319','승길동','0101231234',NULL,NULL,NULL,NULL,NULL),('0000000087','2022-08-31 16:07:56','00000000','7202012326361','내길동','0101231234',NULL,NULL,NULL,NULL,NULL),('0000000088','2022-08-31 16:07:56','00000000','7604152177558','양길동','0101231234',NULL,NULL,NULL,NULL,NULL),('0000000089','2022-08-31 16:07:56','00000000','5811221937533','영길동','0101231234',NULL,NULL,NULL,NULL,NULL),('0000000090','2022-08-31 16:07:56','00000000','5211052915937','이길동','0101231234',NULL,NULL,NULL,NULL,NULL),('0000000091','2022-08-31 16:07:56','00000000','7812122488115','삼길동','0101231234',NULL,NULL,NULL,NULL,NULL),('0000000092','2022-08-31 16:07:56','00000000','5509012612536','성길동','0101231234',NULL,NULL,NULL,NULL,NULL),('0000000093','2022-08-31 16:07:56','00000000','9311122876724','즙길동','0101231234',NULL,NULL,NULL,NULL,NULL),('0000000094','2022-08-31 16:07:56','00000000','9206232124387','배길동','0101231234',NULL,NULL,NULL,NULL,NULL),('0000000095','2022-08-31 16:07:56','00000000','5011091395772','흥길동','0101231234',NULL,NULL,NULL,NULL,NULL),('0000000096','2022-08-31 16:07:56','00000000','9402282255233','제갈길동','0101231234',NULL,NULL,NULL,NULL,NULL),('0000000097','2022-08-31 16:07:56','00000000','6811182674515','석길동','0101231234',NULL,NULL,NULL,NULL,NULL),('0000000098','2022-08-31 16:07:56','00000000','1204043189663','윤길동','0101231234',NULL,NULL,NULL,NULL,NULL),('0000000099','2022-08-31 16:07:56','00000000','8412052277334','서길동','0101231234',NULL,NULL,NULL,NULL,NULL),('0000000100','2022-08-31 16:07:56','00000000','5511222719866','한길동','0101231234',NULL,NULL,NULL,NULL,NULL),('0000000101','2022-08-31 16:07:56','00000000','1104053779241','예길동','0101231234',NULL,NULL,NULL,NULL,NULL),('0000000102','2022-08-31 16:07:56','00000000','5511251946641','봉길동','0101231234',NULL,NULL,NULL,NULL,NULL),('0000000103','2022-08-31 16:07:56','00000000','5911112834571','안길동','0101231234',NULL,NULL,NULL,NULL,NULL),('0000000104','2022-08-31 16:07:56','00000000','8612291583685','호길동','0101231234',NULL,NULL,NULL,NULL,NULL),('0000000105','2022-08-31 16:07:56','00000000','7211222999221','황길동','0101231234',NULL,NULL,NULL,NULL,NULL),('0000000106','2022-08-31 16:07:56','00000000','8711152176629','차길동','0101231234',NULL,NULL,NULL,NULL,NULL),('0000000107','2022-08-31 16:07:56','00000000','6811081942519','증길동','0101231234',NULL,NULL,NULL,NULL,NULL),('0000000108','2022-08-31 16:07:56','00000000','8611041553892','승길동','0101231234',NULL,NULL,NULL,NULL,NULL),('0000000109','2022-08-31 16:07:56','00000000','1105053397616','길길동','0101231234',NULL,NULL,NULL,NULL,NULL),('0000000110','2022-08-31 16:07:56','00000000','8411251527742','소길동','0101231234',NULL,NULL,NULL,NULL,NULL),('0000000111','2022-08-31 16:07:56','00000000','9511282732471','문길동','0101231234',NULL,NULL,NULL,NULL,NULL),('0000000112','2022-08-31 16:07:56','00000000','7411252552738','송길동','0101231234',NULL,NULL,NULL,NULL,NULL),('0000000113','2022-08-31 16:07:56','00000000','8911032743785','채길동','0101231234',NULL,NULL,NULL,NULL,NULL),('0000000114','2022-08-31 16:07:56','00000000','7104092462955','상길동','0101231234',NULL,NULL,NULL,NULL,NULL),('0000000115','2022-08-31 16:07:56','00000000','8812282987167','허길동','0101231234',NULL,NULL,NULL,NULL,NULL),('0000000116','2022-08-31 16:07:56','00000000','9105022173681','옹길동','0101231234',NULL,NULL,NULL,NULL,NULL),('0000000117','2022-08-31 16:07:56','00000000','6611232213739','강길동','0101231234',NULL,NULL,NULL,NULL,NULL),('0000000118','2022-08-31 16:07:56','00000000','6611292148652','상길동','0101231234',NULL,NULL,NULL,NULL,NULL),('0000000119','2022-08-31 16:07:56','00000000','6812231248322','옥길동','0101231234',NULL,NULL,NULL,NULL,NULL),('0000000120','2022-08-31 16:07:56','00000000','7011011874293','함길동','0101231234',NULL,NULL,NULL,NULL,NULL),('0000000121','2022-08-31 16:07:56','00000000','5111132972423','감길동','0101231234',NULL,NULL,NULL,NULL,NULL),('0000000122','2022-08-31 16:07:56','00000000','6612022297919','간길동','0101231234',NULL,NULL,NULL,NULL,NULL),('0000000123','2022-08-31 16:07:56','00000000','8612091293474','동길동','0101231234',NULL,NULL,NULL,NULL,NULL),('0000000124','2022-08-31 16:07:56','00000000','7711272625295','방길동','0101231234',NULL,NULL,NULL,NULL,NULL),('0000000125','2022-08-31 16:07:56','00000000','7307012361988','우길동','0101231234',NULL,NULL,NULL,NULL,NULL),('0000000126','2022-08-31 16:07:56','00000000','5601091798169','인길동','0101231234',NULL,NULL,NULL,NULL,NULL),('0000000127','2022-08-31 16:07:56','00000000','8011132737259','담길동','0101231234',NULL,NULL,NULL,NULL,NULL),('0000000128','2022-08-31 16:07:56','00000000','6112181382522','나길동','0101231234',NULL,NULL,NULL,NULL,NULL),('0000000129','2022-08-31 16:07:56','00000000','9309172169894','사길동','0101231234',NULL,NULL,NULL,NULL,NULL),('0000000130','2022-08-31 16:07:56','00000000','5911062287746','돈길동','0101231234',NULL,NULL,NULL,NULL,NULL),('0000000131','2022-08-31 16:07:56','00000000','6611142262766','기길동','0101231234',NULL,NULL,NULL,NULL,NULL),('0000000132','2022-08-31 16:07:56','00000000','9212061565142','최길동','0101231234',NULL,NULL,NULL,NULL,NULL),('0000000133','2022-08-31 16:07:56','00000000','8211181992415','왕길동','0101231234',NULL,NULL,NULL,NULL,NULL),('0000000134','2022-08-31 16:07:56','00000000','8507092257274','창길동','0101231234',NULL,NULL,NULL,NULL,NULL),('0000000135','2022-08-31 16:07:56','00000000','9001022426472','국길동','0101231234',NULL,NULL,NULL,NULL,NULL),('0000000136','2022-08-31 16:07:56','00000000','6611031949547','방길동','0101231234',NULL,NULL,NULL,NULL,NULL),('0000000137','2022-08-31 16:07:56','00000000','7603212647255','빙길동','0101231234',NULL,NULL,NULL,NULL,NULL),('0000000138','2022-08-31 16:07:56','00000000','7909081786686','제길동','0101231234',NULL,NULL,NULL,NULL,NULL),('0000000139','2022-08-31 16:07:56','00000000','5404252233715','연길동','0101231234',NULL,NULL,NULL,NULL,NULL),('0000000140','2022-08-31 16:07:56','00000000','9411241322157','돈길동','0101231234',NULL,NULL,NULL,NULL,NULL),('0000000141','2022-08-31 16:07:56','00000000','5311232268439','주길동','0101231234',NULL,NULL,NULL,NULL,NULL),('0000000142','2022-08-31 16:07:56','00000000','1811274186257','두길동','0101231234',NULL,NULL,NULL,NULL,NULL),('0000000143','2022-08-31 16:07:56','00000000','5812131135978','부길동','0101231234',NULL,NULL,NULL,NULL,NULL),('0000000144','2022-08-31 16:07:56','00000000','6802282196433','편길동','0101231234',NULL,NULL,NULL,NULL,NULL),('0000000145','2022-08-31 16:07:56','00000000','5803261836496','사공길동','0101231234',NULL,NULL,NULL,NULL,NULL),('0000000146','2022-08-31 16:07:56','00000000','7711252442893','갈길동','0101231234',NULL,NULL,NULL,NULL,NULL),('0000000147','2022-08-31 16:07:56','00000000','5007262279147','화길동','0101231234',NULL,NULL,NULL,NULL,NULL),('0000000148','2022-08-31 16:07:56','00000000','1712244363987','선우길동','0101231234',NULL,NULL,NULL,NULL,NULL),('0000000149','2022-08-31 16:07:56','00000000','5612241288854','대길동','0101231234',NULL,NULL,NULL,NULL,NULL),('0000000150','2022-08-31 16:07:56','00000000','6411022521948','사길동','0101231234',NULL,NULL,NULL,NULL,NULL),('0000000151','2022-08-31 16:07:56','00000000','7005172894984','뇌길동','0101231234',NULL,NULL,NULL,NULL,NULL),('0000000152','2022-08-31 16:07:56','00000000','6112152289564','경길동','0101231234',NULL,NULL,NULL,NULL,NULL),('0000000153','2022-08-31 16:07:56','00000000','7304032427179','십길동','0101231234',NULL,NULL,NULL,NULL,NULL),('0000000154','2022-08-31 16:07:56','00000000','1212023251731','진길동','0101231234',NULL,NULL,NULL,NULL,NULL),('0000000155','2022-08-31 16:07:56','00000000','9911271731886','장길동','0101231234',NULL,NULL,NULL,NULL,NULL),('0000000156','2022-08-31 16:07:56','00000000','7308182855473','구길동','0101231234',NULL,NULL,NULL,NULL,NULL),('0000000157','2022-08-31 16:07:56','00000000','9604111122424','풍길동','0101231234',NULL,NULL,NULL,NULL,NULL),('0000000158','2022-08-31 16:07:56','00000000','1611294391926','두길동','0101231234',NULL,NULL,NULL,NULL,NULL),('0000000159','2022-08-31 16:07:56','00000000','9901151448279','초길동','0101231234',NULL,NULL,NULL,NULL,NULL),('0000000160','2022-08-31 16:07:56','00000000','6206132522916','양길동','0101231234',NULL,NULL,NULL,NULL,NULL),('0000000161','2022-08-31 16:07:56','00000000','5012112512589','순길동','0101231234',NULL,NULL,NULL,NULL,NULL),('0000000162','2022-08-31 16:07:56','00000000','6112262936325','소길동','0101231234',NULL,NULL,NULL,NULL,NULL),('0000000163','2022-08-31 16:07:56','00000000','7211182726993','공길동','0101231234',NULL,NULL,NULL,NULL,NULL),('0000000164','2022-08-31 16:07:56','00000000','7912012497721','승길동','0101231234',NULL,NULL,NULL,NULL,NULL),('0000000165','2022-08-31 16:07:56','00000000','1812174197191','어금길동','0101231234',NULL,NULL,NULL,NULL,NULL),('0000000166','2022-08-31 16:07:56','00000000','7912222587869','삼길동','0101231234',NULL,NULL,NULL,NULL,NULL),('0000000167','2022-08-31 16:07:56','00000000','6211112199571','종길동','0101231234',NULL,NULL,NULL,NULL,NULL),('0000000168','2022-08-31 16:07:56','00000000','8911242878929','은길동','0101231234',NULL,NULL,NULL,NULL,NULL),('0000000169','2022-08-31 16:07:56','00000000','7711091875865','빈길동','0101231234',NULL,NULL,NULL,NULL,NULL),('0000000170','2022-08-31 16:07:56','00000000','8411172864272','유길동','0101231234',NULL,NULL,NULL,NULL,NULL),('0000000171','2022-08-31 16:07:56','00000000','9511112835467','근길동','0101231234',NULL,NULL,NULL,NULL,NULL),('0000000172','2022-08-31 16:07:56','00000000','6904151816475','황보길동','0101231234',NULL,NULL,NULL,NULL,NULL),('0000000173','2022-08-31 16:07:56','00000000','7911281682363','순길동','0101231234',NULL,NULL,NULL,NULL,NULL),('0000000174','2022-08-31 16:07:56','00000000','5901022174679','한길동','0101231234',NULL,NULL,NULL,NULL,NULL),('0000000175','2022-08-31 16:07:56','00000000','7811021269152','운길동','0101231234',NULL,NULL,NULL,NULL,NULL),('0000000176','2022-08-31 16:07:56','00000000','1709033691832','장길동','0101231234',NULL,NULL,NULL,NULL,NULL),('0000000177','2022-08-31 16:07:56','00000000','9212162441198','육길동','0101231234',NULL,NULL,NULL,NULL,NULL),('0000000178','2022-08-31 16:07:56','00000000','1712214122675','단길동','0101231234',NULL,NULL,NULL,NULL,NULL),('0000000179','2022-08-31 16:07:56','00000000','5411122934235','김길동','0101231234',NULL,NULL,NULL,NULL,NULL),('0000000180','2022-08-31 16:07:56','00000000','6312122149133','편길동','0101231234',NULL,NULL,NULL,NULL,NULL),('0000000181','2022-08-31 16:07:56','00000000','6011122754493','천길동','0101231234',NULL,NULL,NULL,NULL,NULL),('0000000182','2022-08-31 16:07:56','00000000','6011242763364','맹길동','0101231234',NULL,NULL,NULL,NULL,NULL),('0000000183','2022-08-31 16:07:56','00000000','7208212942754','난길동','0101231234',NULL,NULL,NULL,NULL,NULL),('0000000184','2022-08-31 16:07:56','00000000','9412251729357','양길동','0101231234',NULL,NULL,NULL,NULL,NULL),('0000000185','2022-08-31 16:07:56','00000000','5411251972898','위길동','0101231234',NULL,NULL,NULL,NULL,NULL),('0000000186','2022-08-31 16:07:56','00000000','9906012498943','나길동','0101231234',NULL,NULL,NULL,NULL,NULL),('0000000187','2022-08-31 16:07:56','00000000','6609092841132','경길동','0101231234',NULL,NULL,NULL,NULL,NULL),('0000000188','2022-08-31 16:07:56','00000000','9907172519441','영길동','0101231234',NULL,NULL,NULL,NULL,NULL),('0000000189','2022-08-31 16:07:56','00000000','9211061287712','호길동','0101231234',NULL,NULL,NULL,NULL,NULL),('0000000190','2022-08-31 16:07:56','00000000','6605071261126','손길동','0101231234',NULL,NULL,NULL,NULL,NULL),('0000000191','2022-08-31 16:07:56','00000000','7612262287654','고길동','0101231234',NULL,NULL,NULL,NULL,NULL),('0000000192','2022-08-31 16:07:56','00000000','5411132442482','내길동','0101231234',NULL,NULL,NULL,NULL,NULL),('0000000193','2022-08-31 16:07:56','00000000','9212141682596','두길동','0101231234',NULL,NULL,NULL,NULL,NULL),('0000000194','2022-08-31 16:07:56','00000000','7611212141891','주길동','0101231234',NULL,NULL,NULL,NULL,NULL),('0000000195','2022-08-31 16:07:56','00000000','6102011443321','송길동','0101231234',NULL,NULL,NULL,NULL,NULL),('0000000196','2022-08-31 16:07:56','00000000','5412041725598','단길동','0101231234',NULL,NULL,NULL,NULL,NULL),('0000000197','2022-08-31 16:07:56','00000000','6212091581634','피길동','0101231234',NULL,NULL,NULL,NULL,NULL),('0000000198','2022-08-31 16:07:56','00000000','6407142148991','추길동','0101231234',NULL,NULL,NULL,NULL,NULL),('0000000199','2022-08-31 16:07:56','00000000','8005022692155','설길동','0101231234',NULL,NULL,NULL,NULL,NULL),('0000000200','2022-08-31 16:07:56','00000000','8411251273168','간길동','0101231234',NULL,NULL,NULL,NULL,NULL),('0000000201','2022-08-31 16:07:56','00000000','8812212775586','포길동','0101231234',NULL,NULL,NULL,NULL,NULL),('0000000202','2022-08-31 16:07:56','00000000','8412082936729','운길동','0101231234',NULL,NULL,NULL,NULL,NULL),('0000000203','2022-08-31 16:07:56','00000000','6112021156681','강길동','0101231234',NULL,NULL,NULL,NULL,NULL),('0000000204','2022-08-31 16:07:56','00000000','7012091243582','미길동','0101231234',NULL,NULL,NULL,NULL,NULL),('0000000205','2022-08-31 16:07:56','00000000','7112252787175','석길동','0101231234',NULL,NULL,NULL,NULL,NULL),('0000000206','2022-08-31 16:07:56','00000000','6612071499414','유길동','0101231234',NULL,NULL,NULL,NULL,NULL),('0000000207','2022-08-31 16:07:56','00000000','8601082189758','초길동','0101231234',NULL,NULL,NULL,NULL,NULL),('0000000208','2022-08-31 16:07:56','00000000','9212052661986','반길동','0101231234',NULL,NULL,NULL,NULL,NULL),('0000000209','2022-08-31 16:07:56','00000000','7612191227583','수길동','0101231234',NULL,NULL,NULL,NULL,NULL),('0000000210','2022-08-31 16:07:56','00000000','9808072352979','팽길동','0101231234',NULL,NULL,NULL,NULL,NULL),('0000000211','2022-08-31 16:07:56','00000000','7402172262348','배길동','0101231234',NULL,NULL,NULL,NULL,NULL),('0000000212','2022-08-31 16:07:56','00000000','7812142558211','호길동','0101231234',NULL,NULL,NULL,NULL,NULL),('0000000213','2022-08-31 16:07:56','00000000','8312152848514','학길동','0101231234',NULL,NULL,NULL,NULL,NULL),('0000000214','2022-08-31 16:07:56','00000000','6211282218217','함길동','0101231234',NULL,NULL,NULL,NULL,NULL),('0000000215','2022-08-31 16:07:56','00000000','5511292169541','한길동','0101231234',NULL,NULL,NULL,NULL,NULL),('0000000216','2022-08-31 16:07:56','00000000','1612164228688','평길동','0101231234',NULL,NULL,NULL,NULL,NULL),('0000000217','2022-08-31 16:07:56','00000000','6911051875736','어길동','0101231234',NULL,NULL,NULL,NULL,NULL),('0000000218','2022-08-31 16:07:56','00000000','1909133645428','변길동','0101231234',NULL,NULL,NULL,NULL,NULL),('0000000219','2022-08-31 16:07:56','00000000','5611252633636','시길동','0101231234',NULL,NULL,NULL,NULL,NULL),('0000000220','2022-08-31 16:07:56','00000000','7712041874417','국길동','0101231234',NULL,NULL,NULL,NULL,NULL),('0000000221','2022-08-31 16:07:56','00000000','6711281874688','순길동','0101231234',NULL,NULL,NULL,NULL,NULL),('0000000222','2022-08-31 16:07:56','00000000','8512272432918','부길동','0101231234',NULL,NULL,NULL,NULL,NULL),('0000000223','2022-08-31 16:07:56','00000000','8411022723932','모길동','0101231234',NULL,NULL,NULL,NULL,NULL),('0000000224','2022-08-31 16:07:56','00000000','9211042587335','이길동','0101231234',NULL,NULL,NULL,NULL,NULL),('0000000225','2022-08-31 16:07:56','00000000','6106151364398','계길동','0101231234',NULL,NULL,NULL,NULL,NULL),('0000000226','2022-08-31 16:07:56','00000000','9002022161267','유길동','0101231234',NULL,NULL,NULL,NULL,NULL),('0000000227','2022-08-31 16:07:56','00000000','9006112949661','왕길동','0101231234',NULL,NULL,NULL,NULL,NULL),('0000000228','2022-08-31 16:07:56','00000000','7111281354794','옹길동','0101231234',NULL,NULL,NULL,NULL,NULL),('0000000229','2022-08-31 16:07:56','00000000','8512131481384','돈길동','0101231234',NULL,NULL,NULL,NULL,NULL),('0000000230','2022-08-31 16:07:56','00000000','5308221461538','뇌길동','0101231234',NULL,NULL,NULL,NULL,NULL),('0000000231','2022-08-31 16:07:56','00000000','7311272171361','유길동','0101231234',NULL,NULL,NULL,NULL,NULL),('0000000232','2022-08-31 16:07:56','00000000','6112122123293','강길동','0101231234',NULL,NULL,NULL,NULL,NULL),('0000000233','2022-08-31 16:07:56','00000000','9411181617669','국길동','0101231234',NULL,NULL,NULL,NULL,NULL),('0000000234','2022-08-31 16:07:56','00000000','6905151798296','반길동','0101231234',NULL,NULL,NULL,NULL,NULL),('0000000235','2022-08-31 16:07:56','00000000','6708122718196','설길동','0101231234',NULL,NULL,NULL,NULL,NULL),('0000000236','2022-08-31 16:07:56','00000000','5012192798153','장곡길동','0101231234',NULL,NULL,NULL,NULL,NULL),('0000000237','2022-08-31 16:07:56','00000000','7312271424247','류길동','0101231234',NULL,NULL,NULL,NULL,NULL),('0000000238','2022-08-31 16:07:56','00000000','1609063151164','남궁길동','0101231234',NULL,NULL,NULL,NULL,NULL),('0000000239','2022-08-31 16:07:56','00000000','8301052943553','돈길동','0101231234',NULL,NULL,NULL,NULL,NULL),('0000000240','2022-08-31 16:07:56','00000000','6912031856369','양길동','0101231234',NULL,NULL,NULL,NULL,NULL),('0000000241','2022-08-31 16:07:56','00000000','6309162843653','후길동','0101231234',NULL,NULL,NULL,NULL,NULL),('0000000242','2022-08-31 16:07:56','00000000','7011252325564','후길동','0101231234',NULL,NULL,NULL,NULL,NULL),('0000000243','2022-08-31 16:07:56','00000000','9811012259196','이길동','0101231234',NULL,NULL,NULL,NULL,NULL),('0000000244','2022-08-31 16:07:56','00000000','7912011649936','수길동','0101231234',NULL,NULL,NULL,NULL,NULL),('0000000245','2022-08-31 16:07:56','00000000','1411124348122','우길동','0101231234',NULL,NULL,NULL,NULL,NULL),('0000000246','2022-08-31 16:07:56','00000000','1411164685572','탄길동','0101231234',NULL,NULL,NULL,NULL,NULL),('0000000247','2022-08-31 16:07:56','00000000','6803221832488','맹길동','0101231234',NULL,NULL,NULL,NULL,NULL),('0000000248','2022-08-31 16:07:56','00000000','7012031559471','최길동','0101231234',NULL,NULL,NULL,NULL,NULL),('0000000249','2022-08-31 16:07:56','00000000','7811052584839','팽길동','0101231234',NULL,NULL,NULL,NULL,NULL),('0000000250','2022-08-31 16:07:56','00000000','9811262494231','하길동','0101231234',NULL,NULL,NULL,NULL,NULL),('0000000251','2022-08-31 16:07:56','00000000','7511081485259','자길동','0101231234',NULL,NULL,NULL,NULL,NULL),('0000000252','2022-08-31 16:07:56','00000000','9907221129151','진길동','0101231234',NULL,NULL,NULL,NULL,NULL),('0000000253','2022-08-31 16:07:56','00000000','6011071323982','경길동','0101231234',NULL,NULL,NULL,NULL,NULL),('0000000254','2022-08-31 16:07:56','00000000','9911141847567','정길동','0101231234',NULL,NULL,NULL,NULL,NULL),('0000000255','2022-08-31 16:07:56','00000000','6203041226283','엽길동','0101231234',NULL,NULL,NULL,NULL,NULL),('0000000256','2022-08-31 16:07:56','00000000','1609023215248','사길동','0101231234',NULL,NULL,NULL,NULL,NULL),('0000000257','2022-08-31 16:07:56','00000000','5409071665576','목길동','0101231234',NULL,NULL,NULL,NULL,NULL),('0000000258','2022-08-31 16:07:56','00000000','9212152312911','박길동','0101231234',NULL,NULL,NULL,NULL,NULL),('0000000259','2022-08-31 16:07:56','00000000','7711091968527','창길동','0101231234',NULL,NULL,NULL,NULL,NULL),('0000000260','2022-08-31 16:07:56','00000000','6105112829191','가길동','0101231234',NULL,NULL,NULL,NULL,NULL),('0000000261','2022-08-31 16:07:56','00000000','1712284495993','묵길동','0101231234',NULL,NULL,NULL,NULL,NULL),('0000000262','2022-08-31 16:07:56','00000000','1011013946813','갈길동','0101231234',NULL,NULL,NULL,NULL,NULL),('0000000263','2022-08-31 16:07:56','00000000','5112112572132','천길동','0101231234',NULL,NULL,NULL,NULL,NULL),('0000000264','2022-08-31 16:07:56','00000000','8411011758587','추길동','0101231234',NULL,NULL,NULL,NULL,NULL),('0000000265','2022-08-31 16:07:56','00000000','9311151162294','묘길동','0101231234',NULL,NULL,NULL,NULL,NULL),('0000000266','2022-08-31 16:07:56','00000000','7812261115284','소길동','0101231234',NULL,NULL,NULL,NULL,NULL),('0000000267','2022-08-31 16:07:56','00000000','7902291986644','신길동','0101231234',NULL,NULL,NULL,NULL,NULL),('0000000268','2022-08-31 16:07:56','00000000','1604234578219','소길동','0101231234',NULL,NULL,NULL,NULL,NULL),('0000000269','2022-08-31 16:07:56','00000000','8011272186797','유길동','0101231234',NULL,NULL,NULL,NULL,NULL),('0000000270','2022-08-31 16:07:56','00000000','5311212231418','채길동','0101231234',NULL,NULL,NULL,NULL,NULL),('0000000271','2022-08-31 16:07:56','00000000','5911082996754','시길동','0101231234',NULL,NULL,NULL,NULL,NULL),('0000000272','2022-08-31 16:07:56','00000000','6312121749951','단길동','0101231234',NULL,NULL,NULL,NULL,NULL),('0000000273','2022-08-31 16:07:56','00000000','7112172819186','하길동','0101231234',NULL,NULL,NULL,NULL,NULL),('0000000274','2022-08-31 16:07:56','00000000','5602022536186','화길동','0101231234',NULL,NULL,NULL,NULL,NULL),('0000000275','2022-08-31 16:07:56','00000000','6603121113897','평길동','0101231234',NULL,NULL,NULL,NULL,NULL),('0000000276','2022-08-31 16:07:56','00000000','9011032236439','석길동','0101231234',NULL,NULL,NULL,NULL,NULL),('0000000277','2022-08-31 16:07:56','00000000','8812252986186','원길동','0101231234',NULL,NULL,NULL,NULL,NULL),('0000000278','2022-08-31 16:07:56','00000000','8312261468388','수길동','0101231234',NULL,NULL,NULL,NULL,NULL),('0000000279','2022-08-31 16:07:56','00000000','6911071337967','하길동','0101231234',NULL,NULL,NULL,NULL,NULL),('0000000280','2022-08-31 16:07:56','00000000','7905122915429','미길동','0101231234',NULL,NULL,NULL,NULL,NULL),('0000000281','2022-08-31 16:07:56','00000000','6703221475397','장길동','0101231234',NULL,NULL,NULL,NULL,NULL),('0000000282','2022-08-31 16:07:56','00000000','5011182945711','국길동','0101231234',NULL,NULL,NULL,NULL,NULL),('0000000283','2022-08-31 16:07:56','00000000','8711191253442','단길동','0101231234',NULL,NULL,NULL,NULL,NULL),('0000000284','2022-08-31 16:07:56','00000000','6012142158149','순길동','0101231234',NULL,NULL,NULL,NULL,NULL),('0000000285','2022-08-31 16:07:56','00000000','6011272184992','박길동','0101231234',NULL,NULL,NULL,NULL,NULL),('0000000286','2022-08-31 16:07:56','00000000','1401073469718','내길동','0101231234',NULL,NULL,NULL,NULL,NULL),('0000000287','2022-08-31 16:07:56','00000000','6312112181512','옹길동','0101231234',NULL,NULL,NULL,NULL,NULL),('0000000288','2022-08-31 16:07:56','00000000','6412132538162','소길동','0101231234',NULL,NULL,NULL,NULL,NULL),('0000000289','2022-08-31 16:07:56','00000000','6312241286352','반길동','0101231234',NULL,NULL,NULL,NULL,NULL),('0000000290','2022-08-31 16:07:56','00000000','5512291713623','국길동','0101231234',NULL,NULL,NULL,NULL,NULL),('0000000291','2022-08-31 16:07:56','00000000','7102222333653','초길동','0101231234',NULL,NULL,NULL,NULL,NULL),('0000000292','2022-08-31 16:07:56','00000000','9404011391195','담길동','0101231234',NULL,NULL,NULL,NULL,NULL),('0000000293','2022-08-31 16:07:56','00000000','6401061685733','소길동','0101231234',NULL,NULL,NULL,NULL,NULL),('0000000294','2022-08-31 16:07:56','00000000','6112231161489','간길동','0101231234',NULL,NULL,NULL,NULL,NULL),('0000000295','2022-08-31 16:07:56','00000000','7208232698584','임길동','0101231234',NULL,NULL,NULL,NULL,NULL),('0000000296','2022-08-31 16:07:56','00000000','5009072245998','비길동','0101231234',NULL,NULL,NULL,NULL,NULL),('0000000297','2022-08-31 16:07:56','00000000','5403191213673','담길동','0101231234',NULL,NULL,NULL,NULL,NULL),('0000000298','2022-08-31 16:07:56','00000000','6107032695942','돈길동','0101231234',NULL,NULL,NULL,NULL,NULL),('0000000299','2022-08-31 16:07:56','00000000','5405172463252','영길동','0101231234',NULL,NULL,NULL,NULL,NULL),('0000000300','2022-08-31 16:07:56','00000000','7408051944879','내길동','0101231234',NULL,NULL,NULL,NULL,NULL),('0000000301','2022-08-31 16:07:56','00000000','8007031744347','임길동','0101231234',NULL,NULL,NULL,NULL,NULL),('0000000302','2022-08-31 16:07:56','00000000','9212272896839','동길동','0101231234',NULL,NULL,NULL,NULL,NULL),('0000000303','2022-08-31 16:07:56','00000000','7609141174562','하길동','0101231234',NULL,NULL,NULL,NULL,NULL),('0000000304','2022-08-31 16:07:56','00000000','9112151314591','수길동','0101231234',NULL,NULL,NULL,NULL,NULL),('0000000305','2022-08-31 16:07:56','00000000','8605041918553','이길동','0101231234',NULL,NULL,NULL,NULL,NULL),('0000000306','2022-08-31 16:07:56','00000000','6411272755245','맹길동','0101231234',NULL,NULL,NULL,NULL,NULL),('0000000307','2022-08-31 16:07:56','00000000','5711011874588','옹길동','0101231234',NULL,NULL,NULL,NULL,NULL),('0000000308','2022-08-31 16:07:56','00000000','9109021917726','원길동','0101231234',NULL,NULL,NULL,NULL,NULL),('0000000309','2022-08-31 16:07:56','00000000','8201211867247','주길동','0101231234',NULL,NULL,NULL,NULL,NULL),('0000000310','2022-08-31 16:07:56','00000000','6311241321591','장길동','0101231234',NULL,NULL,NULL,NULL,NULL),('0000000311','2022-08-31 16:07:56','00000000','6212212955691','신길동','0101231234',NULL,NULL,NULL,NULL,NULL),('0000000312','2022-08-31 16:07:56','00000000','5511171589359','반길동','0101231234',NULL,NULL,NULL,NULL,NULL),('0000000313','2022-08-31 16:07:56','00000000','7112252216479','낭길동','0101231234',NULL,NULL,NULL,NULL,NULL),('0000000314','2022-08-31 16:07:56','00000000','7512212588135','채길동','0101231234',NULL,NULL,NULL,NULL,NULL),('0000000315','2022-08-31 16:07:56','00000000','7608042279871','민길동','0101231234',NULL,NULL,NULL,NULL,NULL),('0000000316','2022-08-31 16:07:56','00000000','7212261844889','송길동','0101231234',NULL,NULL,NULL,NULL,NULL),('0000000317','2022-08-31 16:07:56','00000000','9612071172436','설길동','0101231234',NULL,NULL,NULL,NULL,NULL),('0000000318','2022-08-31 16:07:56','00000000','5911091731264','누길동','0101231234',NULL,NULL,NULL,NULL,NULL),('0000000319','2022-08-31 16:07:56','00000000','1712033954342','염길동','0101231234',NULL,NULL,NULL,NULL,NULL),('0000000320','2022-08-31 16:07:56','00000000','9012112875374','강길동','0101231234',NULL,NULL,NULL,NULL,NULL),('0000000321','2022-08-31 16:07:56','00000000','9212212614262','비길동','0101231234',NULL,NULL,NULL,NULL,NULL),('0000000322','2022-08-31 16:07:56','00000000','7611222975717','묘길동','0101231234',NULL,NULL,NULL,NULL,NULL),('0000000323','2022-08-31 16:07:56','00000000','9203122439452','양길동','0101231234',NULL,NULL,NULL,NULL,NULL),('0000000324','2022-08-31 16:07:56','00000000','7205152658998','도길동','0101231234',NULL,NULL,NULL,NULL,NULL),('0000000325','2022-08-31 16:07:56','00000000','7812262911945','모길동','0101231234',NULL,NULL,NULL,NULL,NULL),('0000000326','2022-08-31 16:07:56','00000000','8812082246351','종길동','0101231234',NULL,NULL,NULL,NULL,NULL),('0000000327','2022-08-31 16:07:56','00000000','9512072955959','공길동','0101231234',NULL,NULL,NULL,NULL,NULL),('0000000328','2022-08-31 16:07:56','00000000','9805132242912','낭길동','0101231234',NULL,NULL,NULL,NULL,NULL),('0000000329','2022-08-31 16:07:56','00000000','9411012734626','구길동','0101231234',NULL,NULL,NULL,NULL,NULL),('0000000330','2022-08-31 16:07:56','00000000','9408141365457','옹길동','0101231234',NULL,NULL,NULL,NULL,NULL),('0000000331','2022-08-31 16:07:56','00000000','7412072486794','손길동','0101231234',NULL,NULL,NULL,NULL,NULL),('0000000332','2022-08-31 16:07:56','00000000','6302172411671','곽길동','0101231234',NULL,NULL,NULL,NULL,NULL),('0000000333','2022-08-31 16:07:56','00000000','8001122171739','증길동','0101231234',NULL,NULL,NULL,NULL,NULL),('0000000334','2022-08-31 16:07:56','00000000','9111291285975','탁길동','0101231234',NULL,NULL,NULL,NULL,NULL),('0000000335','2022-08-31 16:07:56','00000000','7411231363348','기길동','0101231234',NULL,NULL,NULL,NULL,NULL),('0000000336','2022-08-31 16:07:56','00000000','5002182455845','추길동','0101231234',NULL,NULL,NULL,NULL,NULL),('0000000337','2022-08-31 16:07:56','00000000','7611191618695','천길동','0101231234',NULL,NULL,NULL,NULL,NULL),('0000000338','2022-08-31 16:07:56','00000000','5811022163216','후길동','0101231234',NULL,NULL,NULL,NULL,NULL),('0000000339','2022-08-31 16:07:56','00000000','7202162687227','조길동','0101231234',NULL,NULL,NULL,NULL,NULL),('0000000340','2022-08-31 16:07:56','00000000','5612271997181','사길동','0101231234',NULL,NULL,NULL,NULL,NULL),('0000000341','2022-08-31 16:07:56','00000000','8112122141423','마길동','0101231234',NULL,NULL,NULL,NULL,NULL),('0000000342','2022-08-31 16:07:56','00000000','9512061267345','정길동','0101231234',NULL,NULL,NULL,NULL,NULL),('0000000343','2022-08-31 16:07:56','00000000','5911021788757','황보길동','0101231234',NULL,NULL,NULL,NULL,NULL),('0000000344','2022-08-31 16:07:56','00000000','5711091871712','채길동','0101231234',NULL,NULL,NULL,NULL,NULL),('0000000345','2022-08-31 16:07:56','00000000','6511041227897','구길동','0101231234',NULL,NULL,NULL,NULL,NULL),('0000000346','2022-08-31 16:07:56','00000000','9812282427267','은길동','0101231234',NULL,NULL,NULL,NULL,NULL),('0000000347','2022-08-31 16:07:56','00000000','7512262326392','도길동','0101231234',NULL,NULL,NULL,NULL,NULL),('0000000348','2022-08-31 16:07:56','00000000','8308242865548','풍길동','0101231234',NULL,NULL,NULL,NULL,NULL),('0000000349','2022-08-31 16:07:56','00000000','9312051346996','신길동','0101231234',NULL,NULL,NULL,NULL,NULL),('0000000350','2022-08-31 16:07:56','00000000','5403052442292','묵길동','0101231234',NULL,NULL,NULL,NULL,NULL),('0000000351','2022-08-31 16:07:56','00000000','6304212978833','허길동','0101231234',NULL,NULL,NULL,NULL,NULL),('0000000352','2022-08-31 16:07:56','00000000','5304132668281','구길동','0101231234',NULL,NULL,NULL,NULL,NULL),('0000000353','2022-08-31 16:07:56','00000000','6712071628946','애길동','0101231234',NULL,NULL,NULL,NULL,NULL),('0000000354','2022-08-31 16:07:56','00000000','9211261832162','경길동','0101231234',NULL,NULL,NULL,NULL,NULL),('0000000355','2022-08-31 16:07:56','00000000','5003181155459','우길동','0101231234',NULL,NULL,NULL,NULL,NULL),('0000000356','2022-08-31 16:07:56','00000000','8312272342769','신길동','0101231234',NULL,NULL,NULL,NULL,NULL),('0000000357','2022-08-31 16:07:56','00000000','1501053444945','설길동','0101231234',NULL,NULL,NULL,NULL,NULL),('0000000358','2022-08-31 16:07:56','00000000','7312011917689','주길동','0101231234',NULL,NULL,NULL,NULL,NULL),('0000000359','2022-08-31 16:07:56','00000000','5505121416175','독고길동','0101231234',NULL,NULL,NULL,NULL,NULL),('0000000360','2022-08-31 16:07:56','00000000','8311112382844','마길동','0101231234',NULL,NULL,NULL,NULL,NULL),('0000000361','2022-08-31 16:07:56','00000000','7912062173846','즙길동','0101231234',NULL,NULL,NULL,NULL,NULL),('0000000362','2022-08-31 16:07:56','00000000','7212292756646','내길동','0101231234',NULL,NULL,NULL,NULL,NULL),('0000000363','2022-08-31 16:07:56','00000000','5203032111354','권길동','0101231234',NULL,NULL,NULL,NULL,NULL),('0000000364','2022-08-31 16:07:56','00000000','8511062824312','지길동','0101231234',NULL,NULL,NULL,NULL,NULL),('0000000365','2022-08-31 16:07:56','00000000','5212031658514','지길동','0101231234',NULL,NULL,NULL,NULL,NULL),('0000000366','2022-08-31 16:07:56','00000000','5411192396299','예길동','0101231234',NULL,NULL,NULL,NULL,NULL),('0000000367','2022-08-31 16:07:56','00000000','5501251985285','견길동','0101231234',NULL,NULL,NULL,NULL,NULL),('0000000368','2022-08-31 16:07:56','00000000','1511264894532','범길동','0101231234',NULL,NULL,NULL,NULL,NULL),('0000000369','2022-08-31 16:07:56','00000000','7003272339199','최길동','0101231234',NULL,NULL,NULL,NULL,NULL),('0000000370','2022-08-31 16:07:56','00000000','6711061762319','길길동','0101231234',NULL,NULL,NULL,NULL,NULL),('0000000371','2022-08-31 16:07:56','00000000','9211161447857','탄길동','0101231234',NULL,NULL,NULL,NULL,NULL),('0000000372','2022-08-31 16:07:56','00000000','9305011754675','여길동','0101231234',NULL,NULL,NULL,NULL,NULL),('0000000373','2022-08-31 16:07:56','00000000','9612292761686','남길동','0101231234',NULL,NULL,NULL,NULL,NULL),('0000000374','2022-08-31 16:07:56','00000000','8112022235385','해길동','0101231234',NULL,NULL,NULL,NULL,NULL),('0000000375','2022-08-31 16:07:56','00000000','5512261824584','감길동','0101231234',NULL,NULL,NULL,NULL,NULL),('0000000376','2022-08-31 16:07:56','00000000','7907161616248','국길동','0101231234',NULL,NULL,NULL,NULL,NULL),('0000000377','2022-08-31 16:07:56','00000000','5306261136343','후길동','0101231234',NULL,NULL,NULL,NULL,NULL),('0000000378','2022-08-31 16:07:56','00000000','7101141383684','신길동','0101231234',NULL,NULL,NULL,NULL,NULL),('0000000379','2022-08-31 16:07:56','00000000','7508012849796','미길동','0101231234',NULL,NULL,NULL,NULL,NULL),('0000000380','2022-08-31 16:07:56','00000000','9603281898585','포길동','0101231234',NULL,NULL,NULL,NULL,NULL),('0000000381','2022-08-31 16:07:56','00000000','1611154423269','사공길동','0101231234',NULL,NULL,NULL,NULL,NULL),('0000000382','2022-08-31 16:07:56','00000000','9012092715857','만길동','0101231234',NULL,NULL,NULL,NULL,NULL),('0000000383','2022-08-31 16:07:56','00000000','7412241536692','연길동','0101231234',NULL,NULL,NULL,NULL,NULL),('0000000384','2022-08-31 16:07:56','00000000','1812013544267','섭길동','0101231234',NULL,NULL,NULL,NULL,NULL),('0000000385','2022-08-31 16:07:56','00000000','6501081542143','대길동','0101231234',NULL,NULL,NULL,NULL,NULL),('0000000386','2022-08-31 16:07:56','00000000','6412061325415','아길동','0101231234',NULL,NULL,NULL,NULL,NULL),('0000000387','2022-08-31 16:07:56','00000000','8312252285931','금길동','0101231234',NULL,NULL,NULL,NULL,NULL),('0000000388','2022-08-31 16:07:56','00000000','8912122958656','섭길동','0101231234',NULL,NULL,NULL,NULL,NULL),('0000000389','2022-08-31 16:07:56','00000000','8512091336196','평길동','0101231234',NULL,NULL,NULL,NULL,NULL),('0000000390','2022-08-31 16:07:56','00000000','9812232417444','신길동','0101231234',NULL,NULL,NULL,NULL,NULL),('0000000391','2022-08-31 16:07:56','00000000','6204162918848','하길동','0101231234',NULL,NULL,NULL,NULL,NULL),('0000000392','2022-08-31 16:07:56','00000000','8505031455665','권길동','0101231234',NULL,NULL,NULL,NULL,NULL),('0000000393','2022-08-31 16:07:56','00000000','6209251373265','기길동','0101231234',NULL,NULL,NULL,NULL,NULL),('0000000394','2022-08-31 16:07:56','00000000','7005281551795','석길동','0101231234',NULL,NULL,NULL,NULL,NULL),('0000000395','2022-08-31 16:07:56','00000000','9611261469218','묵길동','0101231234',NULL,NULL,NULL,NULL,NULL),('0000000396','2022-08-31 16:07:56','00000000','7712121969146','엽길동','0101231234',NULL,NULL,NULL,NULL,NULL),('0000000397','2022-08-31 16:07:56','00000000','7406051495239','야길동','0101231234',NULL,NULL,NULL,NULL,NULL),('0000000398','2022-08-31 16:07:56','00000000','5811172243821','계길동','0101231234',NULL,NULL,NULL,NULL,NULL),('0000000399','2022-08-31 16:07:56','00000000','5912212693578','도길동','0101231234',NULL,NULL,NULL,NULL,NULL),('0000000400','2022-08-31 16:07:56','00000000','9905232815624','황보길동','0101231234',NULL,NULL,NULL,NULL,NULL),('0000000401','2022-08-31 16:07:56','00000000','8902141993592','동방길동','0101231234',NULL,NULL,NULL,NULL,NULL),('0000000402','2022-08-31 16:07:56','00000000','8602262378663','순길동','0101231234',NULL,NULL,NULL,NULL,NULL),('0000000403','2022-08-31 16:07:56','00000000','6402031826156','양길동','0101231234',NULL,NULL,NULL,NULL,NULL),('0000000404','2022-08-31 16:07:56','00000000','6011012324349','장곡길동','0101231234',NULL,NULL,NULL,NULL,NULL),('0000000405','2022-08-31 16:07:56','00000000','8011232411225','형길동','0101231234',NULL,NULL,NULL,NULL,NULL),('0000000406','2022-08-31 16:07:56','00000000','1511154889134','원길동','0101231234',NULL,NULL,NULL,NULL,NULL),('0000000407','2022-08-31 16:07:56','00000000','8912282692686','송길동','0101231234',NULL,NULL,NULL,NULL,NULL),('0000000408','2022-08-31 16:07:56','00000000','6703262778527','맹길동','0101231234',NULL,NULL,NULL,NULL,NULL),('0000000409','2022-08-31 16:07:56','00000000','9212141872872','전길동','0101231234',NULL,NULL,NULL,NULL,NULL),('0000000410','2022-08-31 16:07:56','00000000','6508051328485','판길동','0101231234',NULL,NULL,NULL,NULL,NULL),('0000000411','2022-08-31 16:07:56','00000000','1706264754846','묵길동','0101231234',NULL,NULL,NULL,NULL,NULL),('0000000412','2022-08-31 16:07:56','00000000','7201111156736','석길동','0101231234',NULL,NULL,NULL,NULL,NULL),('0000000413','2022-08-31 16:07:56','00000000','6402131959582','우길동','0101231234',NULL,NULL,NULL,NULL,NULL),('0000000414','2022-08-31 16:07:56','00000000','7911031276668','순길동','0101231234',NULL,NULL,NULL,NULL,NULL),('0000000415','2022-08-31 16:07:56','00000000','5011142748319','염길동','0101231234',NULL,NULL,NULL,NULL,NULL),('0000000416','2022-08-31 16:07:56','00000000','8112242687293','애길동','0101231234',NULL,NULL,NULL,NULL,NULL),('0000000417','2022-08-31 16:07:56','00000000','5111282852872','풍길동','0101231234',NULL,NULL,NULL,NULL,NULL),('0000000418','2022-08-31 16:07:56','00000000','7511152494682','호길동','0101231234',NULL,NULL,NULL,NULL,NULL),('0000000419','2022-08-31 16:07:56','00000000','5101041869344','한길동','0101231234',NULL,NULL,NULL,NULL,NULL),('0000000420','2022-08-31 16:07:56','00000000','6811012721736','애길동','0101231234',NULL,NULL,NULL,NULL,NULL),('0000000421','2022-08-31 16:07:56','00000000','5008281559682','곽길동','0101231234',NULL,NULL,NULL,NULL,NULL),('0000000422','2022-08-31 16:07:56','00000000','7609111834382','박길동','0101231234',NULL,NULL,NULL,NULL,NULL),('0000000423','2022-08-31 16:07:56','00000000','8504212755843','선우길동','0101231234',NULL,NULL,NULL,NULL,NULL),('0000000424','2022-08-31 16:07:56','00000000','8712031222377','섭길동','0101231234',NULL,NULL,NULL,NULL,NULL),('0000000425','2022-08-31 16:07:56','00000000','8809242124741','송길동','0101231234',NULL,NULL,NULL,NULL,NULL),('0000000426','2022-08-31 16:07:56','00000000','7212211331744','후길동','0101231234',NULL,NULL,NULL,NULL,NULL),('0000000427','2022-08-31 16:07:56','00000000','1912023835552','풍길동','0101231234',NULL,NULL,NULL,NULL,NULL),('0000000428','2022-08-31 16:07:56','00000000','9312072871512','신길동','0101231234',NULL,NULL,NULL,NULL,NULL),('0000000429','2022-08-31 16:07:56','00000000','8307062644448','뇌길동','0101231234',NULL,NULL,NULL,NULL,NULL),('0000000430','2022-08-31 16:07:56','00000000','5109252915541','대길동','0101231234',NULL,NULL,NULL,NULL,NULL),('0000000431','2022-08-31 16:07:56','00000000','5803042556598','한길동','0101231234',NULL,NULL,NULL,NULL,NULL),('0000000432','2022-08-31 16:07:56','00000000','8512292343666','범길동','0101231234',NULL,NULL,NULL,NULL,NULL),('0000000433','2022-08-31 16:07:56','00000000','8212031972349','독고길동','0101231234',NULL,NULL,NULL,NULL,NULL),('0000000434','2022-08-31 16:07:56','00000000','1611174698145','위길동','0101231234',NULL,NULL,NULL,NULL,NULL),('0000000435','2022-08-31 16:07:56','00000000','8511091935343','가길동','0101231234',NULL,NULL,NULL,NULL,NULL),('0000000436','2022-08-31 16:07:56','00000000','9012242495736','임길동','0101231234',NULL,NULL,NULL,NULL,NULL),('0000000437','2022-08-31 16:07:56','00000000','7812242772334','모길동','0101231234',NULL,NULL,NULL,NULL,NULL),('0000000438','2022-08-31 16:07:56','00000000','7306192683152','상길동','0101231234',NULL,NULL,NULL,NULL,NULL),('0000000439','2022-08-31 16:07:56','00000000','8911292736196','경길동','0101231234',NULL,NULL,NULL,NULL,NULL),('0000000440','2022-08-31 16:07:56','00000000','8411192381417','판길동','0101231234',NULL,NULL,NULL,NULL,NULL),('0000000441','2022-08-31 16:07:56','00000000','6006221321912','유길동','0101231234',NULL,NULL,NULL,NULL,NULL),('0000000442','2022-08-31 16:07:56','00000000','8912131366749','안길동','0101231234',NULL,NULL,NULL,NULL,NULL),('0000000443','2022-08-31 16:07:56','00000000','1908133984915','야길동','0101231234',NULL,NULL,NULL,NULL,NULL),('0000000444','2022-08-31 16:07:56','00000000','7508222239651','두길동','0101231234',NULL,NULL,NULL,NULL,NULL),('0000000445','2022-08-31 16:07:56','00000000','7012071595656','여길동','0101231234',NULL,NULL,NULL,NULL,NULL),('0000000446','2022-08-31 16:07:56','00000000','5612222263461','팽길동','0101231234',NULL,NULL,NULL,NULL,NULL),('0000000447','2022-08-31 16:07:56','00000000','6411121786511','시길동','0101231234',NULL,NULL,NULL,NULL,NULL),('0000000448','2022-08-31 16:07:56','00000000','8212192286341','화길동','0101231234',NULL,NULL,NULL,NULL,NULL),('0000000449','2022-08-31 16:07:56','00000000','1011234484648','방길동','0101231234',NULL,NULL,NULL,NULL,NULL),('0000000450','2022-08-31 16:07:56','00000000','8811131348899','기길동','0101231234',NULL,NULL,NULL,NULL,NULL),('0000000451','2022-08-31 16:07:56','00000000','8206142675184','우길동','0101231234',NULL,NULL,NULL,NULL,NULL),('0000000452','2022-08-31 16:07:56','00000000','1206063245267','윤길동','0101231234',NULL,NULL,NULL,NULL,NULL),('0000000453','2022-08-31 16:07:56','00000000','9108121715128','아길동','0101231234',NULL,NULL,NULL,NULL,NULL),('0000000454','2022-08-31 16:07:56','00000000','7611131925894','허길동','0101231234',NULL,NULL,NULL,NULL,NULL),('0000000455','2022-08-31 16:07:56','00000000','1112134692185','증길동','0101231234',NULL,NULL,NULL,NULL,NULL),('0000000456','2022-08-31 16:07:56','00000000','1412264233625','사공길동','0101231234',NULL,NULL,NULL,NULL,NULL),('0000000457','2022-08-31 16:07:56','00000000','6104262579133','양길동','0101231234',NULL,NULL,NULL,NULL,NULL),('0000000458','2022-08-31 16:07:56','00000000','5411091766988','화길동','0101231234',NULL,NULL,NULL,NULL,NULL),('0000000459','2022-08-31 16:07:56','00000000','9211111514583','선우길동','0101231234',NULL,NULL,NULL,NULL,NULL),('0000000460','2022-08-31 16:07:56','00000000','5311272767452','빈길동','0101231234',NULL,NULL,NULL,NULL,NULL),('0000000461','2022-08-31 16:07:56','00000000','7612191923275','방길동','0101231234',NULL,NULL,NULL,NULL,NULL),('0000000462','2022-08-31 16:07:56','00000000','9911031551488','낭길동','0101231234',NULL,NULL,NULL,NULL,NULL),('0000000463','2022-08-31 16:07:56','00000000','7311181721912','초길동','0101231234',NULL,NULL,NULL,NULL,NULL),('0000000464','2022-08-31 16:07:56','00000000','9112181298473','태길동','0101231234',NULL,NULL,NULL,NULL,NULL),('0000000465','2022-08-31 16:07:56','00000000','1511073855899','나길동','0101231234',NULL,NULL,NULL,NULL,NULL),('0000000466','2022-08-31 16:07:56','00000000','7111022824257','구길동','0101231234',NULL,NULL,NULL,NULL,NULL),('0000000467','2022-08-31 16:07:56','00000000','9012262521477','육길동','0101231234',NULL,NULL,NULL,NULL,NULL),('0000000468','2022-08-31 16:07:56','00000000','8411092257852','정길동','0101231234',NULL,NULL,NULL,NULL,NULL),('0000000469','2022-08-31 16:07:56','00000000','6608071226349','목길동','0101231234',NULL,NULL,NULL,NULL,NULL),('0000000470','2022-08-31 16:07:56','00000000','8401192299646','단길동','0101231234',NULL,NULL,NULL,NULL,NULL),('0000000471','2022-08-31 16:07:56','00000000','7711232479444','원길동','0101231234',NULL,NULL,NULL,NULL,NULL),('0000000472','2022-08-31 16:07:56','00000000','7211031252153','성길동','0101231234',NULL,NULL,NULL,NULL,NULL),('0000000473','2022-08-31 16:07:56','00000000','7512111774822','강길동','0101231234',NULL,NULL,NULL,NULL,NULL),('0000000474','2022-08-31 16:07:56','00000000','8711142767699','애길동','0101231234',NULL,NULL,NULL,NULL,NULL),('0000000475','2022-08-31 16:07:56','00000000','8711031253167','간길동','0101231234',NULL,NULL,NULL,NULL,NULL),('0000000476','2022-08-31 16:07:56','00000000','8912161456336','설길동','0101231234',NULL,NULL,NULL,NULL,NULL),('0000000477','2022-08-31 16:07:56','00000000','1009294428136','빈길동','0101231234',NULL,NULL,NULL,NULL,NULL),('0000000478','2022-08-31 16:07:56','00000000','8701112276674','권길동','0101231234',NULL,NULL,NULL,NULL,NULL),('0000000479','2022-08-31 16:07:56','00000000','9711021812555','저길동','0101231234',NULL,NULL,NULL,NULL,NULL),('0000000480','2022-08-31 16:07:56','00000000','8812152469677','방길동','0101231234',NULL,NULL,NULL,NULL,NULL),('0000000481','2022-08-31 16:07:56','00000000','9912072895392','빈길동','0101231234',NULL,NULL,NULL,NULL,NULL),('0000000482','2022-08-31 16:07:56','00000000','6912041779911','시길동','0101231234',NULL,NULL,NULL,NULL,NULL),('0000000483','2022-08-31 16:07:56','00000000','6412211256848','도길동','0101231234',NULL,NULL,NULL,NULL,NULL),('0000000484','2022-08-31 16:07:56','00000000','7504042643388','우길동','0101231234',NULL,NULL,NULL,NULL,NULL),('0000000485','2022-08-31 16:07:56','00000000','6301042981859','국길동','0101231234',NULL,NULL,NULL,NULL,NULL),('0000000486','2022-08-31 16:07:56','00000000','5512231828934','준길동','0101231234',NULL,NULL,NULL,NULL,NULL),('0000000487','2022-08-31 16:07:56','00000000','1711254194452','류길동','0101231234',NULL,NULL,NULL,NULL,NULL),('0000000488','2022-08-31 16:07:56','00000000','7404272869619','차길동','0101231234',NULL,NULL,NULL,NULL,NULL),('0000000489','2022-08-31 16:07:56','00000000','9807272936723','장길동','0101231234',NULL,NULL,NULL,NULL,NULL),('0000000490','2022-08-31 16:07:56','00000000','9312222758863','곡길동','0101231234',NULL,NULL,NULL,NULL,NULL),('0000000491','2022-08-31 16:07:56','00000000','8712131854292','천길동','0101231234',NULL,NULL,NULL,NULL,NULL),('0000000492','2022-08-31 16:07:56','00000000','9912172752321','초길동','0101231234',NULL,NULL,NULL,NULL,NULL),('0000000493','2022-08-31 16:07:56','00000000','9608071557962','종길동','0101231234',NULL,NULL,NULL,NULL,NULL),('0000000494','2022-08-31 16:07:56','00000000','7404081941446','국길동','0101231234',NULL,NULL,NULL,NULL,NULL),('0000000495','2022-08-31 16:07:56','00000000','6603181228466','순길동','0101231234',NULL,NULL,NULL,NULL,NULL),('0000000496','2022-08-31 16:07:56','00000000','8711021234887','순길동','0101231234',NULL,NULL,NULL,NULL,NULL),('0000000497','2022-08-31 16:07:56','00000000','7406162659779','포길동','0101231234',NULL,NULL,NULL,NULL,NULL),('0000000498','2022-08-31 16:07:56','00000000','5412191566714','류길동','0101231234',NULL,NULL,NULL,NULL,NULL),('0000000499','2022-08-31 16:07:56','00000000','9711151226268','증길동','0101231234',NULL,NULL,NULL,NULL,NULL),('0000000500','2022-08-31 16:07:56','00000000','5412031754342','신길동','0101231234',NULL,NULL,NULL,NULL,NULL),('0000000501','2022-08-31 16:07:56','00000000','8511251834823','장길동','0101231234',NULL,NULL,NULL,NULL,NULL),('0000000502','2022-08-31 16:07:56','00000000','5411212839724','소길동','0101231234',NULL,NULL,NULL,NULL,NULL),('0000000503','2022-08-31 16:07:56','00000000','7512141218292','구길동','0101231234',NULL,NULL,NULL,NULL,NULL),('0000000504','2022-08-31 16:07:56','00000000','8911291994259','영길동','0101231234',NULL,NULL,NULL,NULL,NULL),('0000000505','2022-08-31 16:07:56','00000000','1711144893251','빈길동','0101231234',NULL,NULL,NULL,NULL,NULL),('0000000506','2022-08-31 16:07:56','00000000','6711171455976','운길동','0101231234',NULL,NULL,NULL,NULL,NULL),('0000000507','2022-08-31 16:07:56','00000000','7812252763858','기길동','0101231234',NULL,NULL,NULL,NULL,NULL),('0000000508','2022-08-31 16:07:56','00000000','9807141769654','춘길동','0101231234',NULL,NULL,NULL,NULL,NULL),('0000000509','2022-08-31 16:07:56','00000000','9012132611778','허길동','0101231234',NULL,NULL,NULL,NULL,NULL),('0000000510','2022-08-31 16:07:56','00000000','5905031951663','곽길동','0101231234',NULL,NULL,NULL,NULL,NULL),('0000000511','2022-08-31 16:07:56','00000000','8403151149886','권길동','0101231234',NULL,NULL,NULL,NULL,NULL),('0000000512','2022-08-31 16:07:56','00000000','1411013544697','단길동','0101231234',NULL,NULL,NULL,NULL,NULL),('0000000513','2022-08-31 16:07:56','00000000','6111242719647','빙길동','0101231234',NULL,NULL,NULL,NULL,NULL),('0000000514','2022-08-31 16:07:56','00000000','7612171879482','원길동','0101231234',NULL,NULL,NULL,NULL,NULL),('0000000515','2022-08-31 16:07:56','00000000','8011132476583','정길동','0101231234',NULL,NULL,NULL,NULL,NULL),('0000000516','2022-08-31 16:07:56','00000000','8807111598514','엄길동','0101231234',NULL,NULL,NULL,NULL,NULL),('0000000517','2022-08-31 16:07:56','00000000','7306021639759','소길동','0101231234',NULL,NULL,NULL,NULL,NULL),('0000000518','2022-08-31 16:07:56','00000000','5805042527993','경길동','0101231234',NULL,NULL,NULL,NULL,NULL),('0000000519','2022-08-31 16:07:56','00000000','7612111972176','소길동','0101231234',NULL,NULL,NULL,NULL,NULL),('0000000520','2022-08-31 16:07:56','00000000','8011151586314','육길동','0101231234',NULL,NULL,NULL,NULL,NULL),('0000000521','2022-08-31 16:07:56','00000000','5701141626511','호길동','0101231234',NULL,NULL,NULL,NULL,NULL),('0000000522','2022-08-31 16:07:56','00000000','8211111673289','도길동','0101231234',NULL,NULL,NULL,NULL,NULL),('0000000523','2022-08-31 16:07:56','00000000','9909082947716','초길동','0101231234',NULL,NULL,NULL,NULL,NULL),('0000000524','2022-08-31 16:07:56','00000000','7612031934711','한길동','0101231234',NULL,NULL,NULL,NULL,NULL),('0000000525','2022-08-31 16:07:56','00000000','5211051652914','강길동','0101231234',NULL,NULL,NULL,NULL,NULL),('0000000526','2022-08-31 16:07:56','00000000','7101162858551','조길동','0101231234',NULL,NULL,NULL,NULL,NULL),('0000000527','2022-08-31 16:07:56','00000000','9412152618765','낭길동','0101231234',NULL,NULL,NULL,NULL,NULL),('0000000528','2022-08-31 16:07:56','00000000','6612262949373','해길동','0101231234',NULL,NULL,NULL,NULL,NULL),('0000000529','2022-08-31 16:07:56','00000000','1008254632689','서길동','0101231234',NULL,NULL,NULL,NULL,NULL),('0000000530','2022-08-31 16:07:56','00000000','7106131611953','서길동','0101231234',NULL,NULL,NULL,NULL,NULL),('0000000531','2022-08-31 16:07:56','00000000','9507262545751','이길동','0101231234',NULL,NULL,NULL,NULL,NULL),('0000000532','2022-08-31 16:07:56','00000000','8311081288252','반길동','0101231234',NULL,NULL,NULL,NULL,NULL),('0000000533','2022-08-31 16:07:56','00000000','5312111165862','만길동','0101231234',NULL,NULL,NULL,NULL,NULL),('0000000534','2022-08-31 16:07:56','00000000','9811272394832','사길동','0101231234',NULL,NULL,NULL,NULL,NULL),('0000000535','2022-08-31 16:07:56','00000000','6511052612362','조길동','0101231234',NULL,NULL,NULL,NULL,NULL),('0000000536','2022-08-31 16:07:56','00000000','6703231658953','소봉길동','0101231234',NULL,NULL,NULL,NULL,NULL),('0000000537','2022-08-31 16:07:56','00000000','8312131339344','진길동','0101231234',NULL,NULL,NULL,NULL,NULL),('0000000538','2022-08-31 16:07:56','00000000','1011114181186','추길동','0101231234',NULL,NULL,NULL,NULL,NULL),('0000000539','2022-08-31 16:07:56','00000000','5312091387357','장길동','0101231234',NULL,NULL,NULL,NULL,NULL),('0000000540','2022-08-31 16:07:56','00000000','7503182139767','황길동','0101231234',NULL,NULL,NULL,NULL,NULL),('0000000541','2022-08-31 16:07:56','00000000','5112282845428','운길동','0101231234',NULL,NULL,NULL,NULL,NULL),('0000000542','2022-08-31 16:07:56','00000000','9907032733712','교길동','0101231234',NULL,NULL,NULL,NULL,NULL),('0000000543','2022-08-31 16:07:56','00000000','1104033162923','순길동','0101231234',NULL,NULL,NULL,NULL,NULL),('0000000544','2022-08-31 16:07:56','00000000','6512082368743','심길동','0101231234',NULL,NULL,NULL,NULL,NULL),('0000000545','2022-08-31 16:07:56','00000000','7206132598435','진길동','0101231234',NULL,NULL,NULL,NULL,NULL),('0000000546','2022-08-31 16:07:56','00000000','5404241674749','궁길동','0101231234',NULL,NULL,NULL,NULL,NULL),('0000000547','2022-08-31 16:07:56','00000000','7611131929987','단길동','0101231234',NULL,NULL,NULL,NULL,NULL),('0000000548','2022-08-31 16:07:56','00000000','7903171649854','서문길동','0101231234',NULL,NULL,NULL,NULL,NULL),('0000000549','2022-08-31 16:07:56','00000000','6712121437473','지길동','0101231234',NULL,NULL,NULL,NULL,NULL),('0000000550','2022-08-31 16:07:56','00000000','7005141584876','근길동','0101231234',NULL,NULL,NULL,NULL,NULL),('0000000551','2022-08-31 16:07:56','00000000','6806211482565','탁길동','0101231234',NULL,NULL,NULL,NULL,NULL),('0000000552','2022-08-31 16:07:56','00000000','6612182482415','흥길동','0101231234',NULL,NULL,NULL,NULL,NULL),('0000000553','2022-08-31 16:07:56','00000000','9712181164887','삼길동','0101231234',NULL,NULL,NULL,NULL,NULL),('0000000554','2022-08-31 16:07:56','00000000','8612141827339','삼길동','0101231234',NULL,NULL,NULL,NULL,NULL),('0000000555','2022-08-31 16:07:56','00000000','8912111348191','이길동','0101231234',NULL,NULL,NULL,NULL,NULL),('0000000556','2022-08-31 16:07:56','00000000','7911252543539','돈길동','0101231234',NULL,NULL,NULL,NULL,NULL),('0000000557','2022-08-31 16:07:56','00000000','6511042225892','용길동','0101231234',NULL,NULL,NULL,NULL,NULL),('0000000558','2022-08-31 16:07:56','00000000','9811132195535','빙길동','0101231234',NULL,NULL,NULL,NULL,NULL),('0000000559','2022-08-31 16:07:56','00000000','8009151682162','송길동','0101231234',NULL,NULL,NULL,NULL,NULL),('0000000560','2022-08-31 16:07:56','00000000','6312181227789','소봉길동','0101231234',NULL,NULL,NULL,NULL,NULL),('0000000561','2022-08-31 16:07:56','00000000','5812212584487','초길동','0101231234',NULL,NULL,NULL,NULL,NULL),('0000000562','2022-08-31 16:07:56','00000000','9309161283475','국길동','0101231234',NULL,NULL,NULL,NULL,NULL),('0000000563','2022-08-31 16:07:56','00000000','7211241749439','단길동','0101231234',NULL,NULL,NULL,NULL,NULL),('0000000564','2022-08-31 16:07:56','00000000','5311242538857','이길동','0101231234',NULL,NULL,NULL,NULL,NULL),('0000000565','2022-08-31 16:07:56','00000000','8511051637227','전길동','0101231234',NULL,NULL,NULL,NULL,NULL),('0000000566','2022-08-31 16:07:56','00000000','8412151968195','염길동','0101231234',NULL,NULL,NULL,NULL,NULL),('0000000567','2022-08-31 16:07:56','00000000','1412164178548','박길동','0101231234',NULL,NULL,NULL,NULL,NULL),('0000000568','2022-08-31 16:07:56','00000000','5004242268579','전길동','0101231234',NULL,NULL,NULL,NULL,NULL),('0000000569','2022-08-31 16:07:56','00000000','7612271875293','양길동','0101231234',NULL,NULL,NULL,NULL,NULL),('0000000570','2022-08-31 16:07:56','00000000','6412221751893','탄길동','0101231234',NULL,NULL,NULL,NULL,NULL),('0000000571','2022-08-31 16:07:56','00000000','5111031212243','봉길동','0101231234',NULL,NULL,NULL,NULL,NULL),('0000000572','2022-08-31 16:07:56','00000000','9812051484431','장곡길동','0101231234',NULL,NULL,NULL,NULL,NULL),('0000000573','2022-08-31 16:07:56','00000000','9303281653726','장곡길동','0101231234',NULL,NULL,NULL,NULL,NULL),('0000000574','2022-08-31 16:07:56','00000000','9408052212468','구길동','0101231234',NULL,NULL,NULL,NULL,NULL),('0000000575','2022-08-31 16:07:56','00000000','5311031621186','여길동','0101231234',NULL,NULL,NULL,NULL,NULL),('0000000576','2022-08-31 16:07:56','00000000','7412132717768','창길동','0101231234',NULL,NULL,NULL,NULL,NULL),('0000000577','2022-08-31 16:07:56','00000000','8411291979175','창길동','0101231234',NULL,NULL,NULL,NULL,NULL),('0000000578','2022-08-31 16:07:56','00000000','8005272728751','유길동','0101231234',NULL,NULL,NULL,NULL,NULL),('0000000579','2022-08-31 16:07:56','00000000','6309111313211','장곡길동','0101231234',NULL,NULL,NULL,NULL,NULL),('0000000580','2022-08-31 16:07:56','00000000','9712212147943','두길동','0101231234',NULL,NULL,NULL,NULL,NULL),('0000000581','2022-08-31 16:07:56','00000000','6512171241279','연길동','0101231234',NULL,NULL,NULL,NULL,NULL),('0000000582','2022-08-31 16:07:56','00000000','5112021934899','한길동','0101231234',NULL,NULL,NULL,NULL,NULL),('0000000583','2022-08-31 16:07:56','00000000','9811271756473','진길동','0101231234',NULL,NULL,NULL,NULL,NULL),('0000000584','2022-08-31 16:07:56','00000000','7911082964963','수길동','0101231234',NULL,NULL,NULL,NULL,NULL),('0000000585','2022-08-31 16:07:56','00000000','8311031524373','뇌길동','0101231234',NULL,NULL,NULL,NULL,NULL),('0000000586','2022-08-31 16:07:56','00000000','5812051649518','사공길동','0101231234',NULL,NULL,NULL,NULL,NULL),('0000000587','2022-08-31 16:07:56','00000000','1511033748137','이길동','0101231234',NULL,NULL,NULL,NULL,NULL),('0000000588','2022-08-31 16:07:56','00000000','7911212516754','종길동','0101231234',NULL,NULL,NULL,NULL,NULL),('0000000589','2022-08-31 16:07:56','00000000','8312062545617','허길동','0101231234',NULL,NULL,NULL,NULL,NULL),('0000000590','2022-08-31 16:07:56','00000000','1512254898788','시길동','0101231234',NULL,NULL,NULL,NULL,NULL),('0000000591','2022-08-31 16:07:56','00000000','5011092195223','이길동','0101231234',NULL,NULL,NULL,NULL,NULL),('0000000592','2022-08-31 16:07:56','00000000','7206291189875','구길동','0101231234',NULL,NULL,NULL,NULL,NULL),('0000000593','2022-08-31 16:07:56','00000000','5609012759239','빈길동','0101231234',NULL,NULL,NULL,NULL,NULL),('0000000594','2022-08-31 16:07:56','00000000','6906022682772','조길동','0101231234',NULL,NULL,NULL,NULL,NULL),('0000000595','2022-08-31 16:07:56','00000000','8908172876427','시길동','0101231234',NULL,NULL,NULL,NULL,NULL),('0000000596','2022-08-31 16:07:56','00000000','1312073677145','묵길동','0101231234',NULL,NULL,NULL,NULL,NULL),('0000000597','2022-08-31 16:07:56','00000000','8612061123783','소길동','0101231234',NULL,NULL,NULL,NULL,NULL),('0000000598','2022-08-31 16:07:56','00000000','8211132125415','송길동','0101231234',NULL,NULL,NULL,NULL,NULL),('0000000599','2022-08-31 16:07:56','00000000','5808072985924','국길동','0101231234',NULL,NULL,NULL,NULL,NULL),('0000000600','2022-08-31 16:07:56','00000000','9011061797946','사길동','0101231234',NULL,NULL,NULL,NULL,NULL),('0000000601','2022-08-31 16:07:56','00000000','1011144931947','견길동','0101231234',NULL,NULL,NULL,NULL,NULL),('0000000602','2022-08-31 16:07:56','00000000','1108113756394','노길동','0101231234',NULL,NULL,NULL,NULL,NULL),('0000000603','2022-08-31 16:07:56','00000000','9312041574433','초길동','0101231234',NULL,NULL,NULL,NULL,NULL),('0000000604','2022-08-31 16:07:56','00000000','1405214369264','유길동','0101231234',NULL,NULL,NULL,NULL,NULL),('0000000605','2022-08-31 16:07:56','00000000','8604121879958','소봉길동','0101231234',NULL,NULL,NULL,NULL,NULL),('0000000606','2022-08-31 16:07:56','00000000','5008042161917','승길동','0101231234',NULL,NULL,NULL,NULL,NULL),('0000000607','2022-08-31 16:07:56','00000000','1606113537895','종길동','0101231234',NULL,NULL,NULL,NULL,NULL),('0000000608','2022-08-31 16:07:56','00000000','9005241932194','갈길동','0101231234',NULL,NULL,NULL,NULL,NULL),('0000000609','2022-08-31 16:07:56','00000000','5412082757946','전길동','0101231234',NULL,NULL,NULL,NULL,NULL),('0000000610','2022-08-31 16:07:56','00000000','6212062963145','수길동','0101231234',NULL,NULL,NULL,NULL,NULL),('0000000611','2022-08-31 16:07:56','00000000','7907142516314','전길동','0101231234',NULL,NULL,NULL,NULL,NULL),('0000000612','2022-08-31 16:07:56','00000000','7311162747723','야길동','0101231234',NULL,NULL,NULL,NULL,NULL),('0000000613','2022-08-31 16:07:56','00000000','8612291664318','염길동','0101231234',NULL,NULL,NULL,NULL,NULL),('0000000614','2022-08-31 16:07:56','00000000','7805161255397','제길동','0101231234',NULL,NULL,NULL,NULL,NULL),('0000000615','2022-08-31 16:07:56','00000000','6112012442565','이길동','0101231234',NULL,NULL,NULL,NULL,NULL),('0000000616','2022-08-31 16:07:56','00000000','7411162697265','왕길동','0101231234',NULL,NULL,NULL,NULL,NULL),('0000000617','2022-08-31 16:07:56','00000000','8011062155799','임길동','0101231234',NULL,NULL,NULL,NULL,NULL),('0000000618','2022-08-31 16:07:56','00000000','7411122323465','마길동','0101231234',NULL,NULL,NULL,NULL,NULL),('0000000619','2022-08-31 16:07:56','00000000','8403282221916','묵길동','0101231234',NULL,NULL,NULL,NULL,NULL),('0000000620','2022-08-31 16:07:56','00000000','6612122753632','화길동','0101231234',NULL,NULL,NULL,NULL,NULL),('0000000621','2022-08-31 16:07:56','00000000','5712082622342','지길동','0101231234',NULL,NULL,NULL,NULL,NULL),('0000000622','2022-08-31 16:07:56','00000000','5211062572966','장길동','0101231234',NULL,NULL,NULL,NULL,NULL),('0000000623','2022-08-31 16:07:56','00000000','7507022539327','근길동','0101231234',NULL,NULL,NULL,NULL,NULL),('0000000624','2022-08-31 16:07:56','00000000','1007294218826','어금길동','0101231234',NULL,NULL,NULL,NULL,NULL),('0000000625','2022-08-31 16:07:56','00000000','8912071233782','만길동','0101231234',NULL,NULL,NULL,NULL,NULL),('0000000626','2022-08-31 16:07:56','00000000','5806161867646','순길동','0101231234',NULL,NULL,NULL,NULL,NULL),('0000000627','2022-08-31 16:07:56','00000000','6312132354968','운길동','0101231234',NULL,NULL,NULL,NULL,NULL),('0000000628','2022-08-31 16:07:56','00000000','6412222874128','태길동','0101231234',NULL,NULL,NULL,NULL,NULL),('0000000629','2022-08-31 16:07:56','00000000','6711262555879','점길동','0101231234',NULL,NULL,NULL,NULL,NULL),('0000000630','2022-08-31 16:07:56','00000000','5902232438229','어금길동','0101231234',NULL,NULL,NULL,NULL,NULL),('0000000631','2022-08-31 16:07:56','00000000','9412291691523','장길동','0101231234',NULL,NULL,NULL,NULL,NULL),('0000000632','2022-08-31 16:07:56','00000000','6611071955625','풍길동','0101231234',NULL,NULL,NULL,NULL,NULL),('0000000633','2022-08-31 16:07:56','00000000','8911152413355','원길동','0101231234',NULL,NULL,NULL,NULL,NULL),('0000000634','2022-08-31 16:07:56','00000000','9212192385119','경길동','0101231234',NULL,NULL,NULL,NULL,NULL),('0000000635','2022-08-31 16:07:56','00000000','6412072517749','승길동','0101231234',NULL,NULL,NULL,NULL,NULL),('0000000636','2022-08-31 16:07:56','00000000','5011292875691','한길동','0101231234',NULL,NULL,NULL,NULL,NULL),('0000000637','2022-08-31 16:07:56','00000000','8911142769311','기길동','0101231234',NULL,NULL,NULL,NULL,NULL),('0000000638','2022-08-31 16:07:56','00000000','6712211699912','봉길동','0101231234',NULL,NULL,NULL,NULL,NULL),('0000000639','2022-08-31 16:07:56','00000000','9012171312276','영길동','0101231234',NULL,NULL,NULL,NULL,NULL),('0000000640','2022-08-31 16:07:56','00000000','5801021598141','초길동','0101231234',NULL,NULL,NULL,NULL,NULL),('0000000641','2022-08-31 16:07:56','00000000','8012292478622','기길동','0101231234',NULL,NULL,NULL,NULL,NULL),('0000000642','2022-08-31 16:07:56','00000000','8109071976215','도길동','0101231234',NULL,NULL,NULL,NULL,NULL),('0000000643','2022-08-31 16:07:56','00000000','6604032435212','빈길동','0101231234',NULL,NULL,NULL,NULL,NULL),('0000000644','2022-08-31 16:07:56','00000000','9705241694969','반길동','0101231234',NULL,NULL,NULL,NULL,NULL),('0000000645','2022-08-31 16:07:56','00000000','6412161765842','옹길동','0101231234',NULL,NULL,NULL,NULL,NULL),('0000000646','2022-08-31 16:07:56','00000000','7911172342957','양길동','0101231234',NULL,NULL,NULL,NULL,NULL),('0000000647','2022-08-31 16:07:56','00000000','9308241333366','사길동','0101231234',NULL,NULL,NULL,NULL,NULL),('0000000648','2022-08-31 16:07:56','00000000','8511282362767','기길동','0101231234',NULL,NULL,NULL,NULL,NULL),('0000000649','2022-08-31 16:07:56','00000000','9012091222498','난길동','0101231234',NULL,NULL,NULL,NULL,NULL),('0000000650','2022-08-31 16:07:56','00000000','6312272516684','망절길동','0101231234',NULL,NULL,NULL,NULL,NULL),('0000000651','2022-08-31 16:07:56','00000000','9611162752951','범길동','0101231234',NULL,NULL,NULL,NULL,NULL),('0000000652','2022-08-31 16:07:56','00000000','8208211986566','옹길동','0101231234',NULL,NULL,NULL,NULL,NULL),('0000000653','2022-08-31 16:07:56','00000000','9312221588615','경길동','0101231234',NULL,NULL,NULL,NULL,NULL),('0000000654','2022-08-31 16:07:56','00000000','6112241686141','판길동','0101231234',NULL,NULL,NULL,NULL,NULL),('0000000655','2022-08-31 16:07:56','00000000','7003131923131','방길동','0101231234',NULL,NULL,NULL,NULL,NULL),('0000000656','2022-08-31 16:07:56','00000000','7011152565891','강길동','0101231234',NULL,NULL,NULL,NULL,NULL),('0000000657','2022-08-31 16:07:56','00000000','5109071251328','손길동','0101231234',NULL,NULL,NULL,NULL,NULL),('0000000658','2022-08-31 16:07:56','00000000','9312291866427','궁길동','0101231234',NULL,NULL,NULL,NULL,NULL),('0000000659','2022-08-31 16:07:56','00000000','7112172639349','즙길동','0101231234',NULL,NULL,NULL,NULL,NULL),('0000000660','2022-08-31 16:07:56','00000000','1011134396416','형길동','0101231234',NULL,NULL,NULL,NULL,NULL),('0000000661','2022-08-31 16:07:56','00000000','6012011764381','방길동','0101231234',NULL,NULL,NULL,NULL,NULL),('0000000662','2022-08-31 16:07:56','00000000','7412041495697','양길동','0101231234',NULL,NULL,NULL,NULL,NULL),('0000000663','2022-08-31 16:07:56','00000000','8011292816282','채길동','0101231234',NULL,NULL,NULL,NULL,NULL),('0000000664','2022-08-31 16:07:56','00000000','9611181415254','부길동','0101231234',NULL,NULL,NULL,NULL,NULL),('0000000665','2022-08-31 16:07:56','00000000','9411222536312','경길동','0101231234',NULL,NULL,NULL,NULL,NULL),('0000000666','2022-08-31 16:07:56','00000000','9512172615577','남궁길동','0101231234',NULL,NULL,NULL,NULL,NULL),('0000000667','2022-08-31 16:07:56','00000000','7611152738744','채길동','0101231234',NULL,NULL,NULL,NULL,NULL),('0000000668','2022-08-31 16:07:56','00000000','7612182255189','만길동','0101231234',NULL,NULL,NULL,NULL,NULL),('0000000669','2022-08-31 16:07:56','00000000','5611071321835','경길동','0101231234',NULL,NULL,NULL,NULL,NULL),('0000000670','2022-08-31 16:07:56','00000000','7112092191721','온길동','0101231234',NULL,NULL,NULL,NULL,NULL),('0000000671','2022-08-31 16:07:56','00000000','7906051537585','성길동','0101231234',NULL,NULL,NULL,NULL,NULL),('0000000672','2022-08-31 16:07:56','00000000','9105111568367','뇌길동','0101231234',NULL,NULL,NULL,NULL,NULL),('0000000673','2022-08-31 16:07:56','00000000','6212261932176','형길동','0101231234',NULL,NULL,NULL,NULL,NULL),('0000000674','2022-08-31 16:07:56','00000000','9712192386133','방길동','0101231234',NULL,NULL,NULL,NULL,NULL),('0000000675','2022-08-31 16:07:56','00000000','7411271283756','어길동','0101231234',NULL,NULL,NULL,NULL,NULL),('0000000676','2022-08-31 16:07:56','00000000','1411134262161','강길동','0101231234',NULL,NULL,NULL,NULL,NULL),('0000000677','2022-08-31 16:07:56','00000000','7104071184396','용길동','0101231234',NULL,NULL,NULL,NULL,NULL),('0000000678','2022-08-31 16:07:56','00000000','6408171399544','봉길동','0101231234',NULL,NULL,NULL,NULL,NULL),('0000000679','2022-08-31 16:07:56','00000000','8712241248791','만길동','0101231234',NULL,NULL,NULL,NULL,NULL),('0000000680','2022-08-31 16:07:56','00000000','6005192825926','강길동','0101231234',NULL,NULL,NULL,NULL,NULL),('0000000681','2022-08-31 16:07:56','00000000','8612182758718','백길동','0101231234',NULL,NULL,NULL,NULL,NULL),('0000000682','2022-08-31 16:07:56','00000000','7201272545518','강길동','0101231234',NULL,NULL,NULL,NULL,NULL),('0000000683','2022-08-31 16:07:56','00000000','5512022832491','삼길동','0101231234',NULL,NULL,NULL,NULL,NULL),('0000000684','2022-08-31 16:07:56','00000000','9711221556313','후길동','0101231234',NULL,NULL,NULL,NULL,NULL),('0000000685','2022-08-31 16:07:56','00000000','9512131825415','마길동','0101231234',NULL,NULL,NULL,NULL,NULL),('0000000686','2022-08-31 16:07:56','00000000','9611262932595','영길동','0101231234',NULL,NULL,NULL,NULL,NULL),('0000000687','2022-08-31 16:07:56','00000000','5312062842816','차길동','0101231234',NULL,NULL,NULL,NULL,NULL),('0000000688','2022-08-31 16:07:56','00000000','9711152294575','송길동','0101231234',NULL,NULL,NULL,NULL,NULL),('0000000689','2022-08-31 16:07:56','00000000','6212282493584','황길동','0101231234',NULL,NULL,NULL,NULL,NULL),('0000000690','2022-08-31 16:07:56','00000000','8406082767113','천길동','0101231234',NULL,NULL,NULL,NULL,NULL),('0000000691','2022-08-31 16:07:56','00000000','5711112212354','은길동','0101231234',NULL,NULL,NULL,NULL,NULL),('0000000692','2022-08-31 16:07:56','00000000','7312222211468','어금길동','0101231234',NULL,NULL,NULL,NULL,NULL),('0000000693','2022-08-31 16:07:56','00000000','5901082367563','초길동','0101231234',NULL,NULL,NULL,NULL,NULL),('0000000694','2022-08-31 16:07:56','00000000','8112191185792','가길동','0101231234',NULL,NULL,NULL,NULL,NULL),('0000000695','2022-08-31 16:07:56','00000000','7404242864436','하길동','0101231234',NULL,NULL,NULL,NULL,NULL),('0000000696','2022-08-31 16:07:56','00000000','6612121915164','곽길동','0101231234',NULL,NULL,NULL,NULL,NULL),('0000000697','2022-08-31 16:07:56','00000000','5503042264971','운길동','0101231234',NULL,NULL,NULL,NULL,NULL),('0000000698','2022-08-31 16:07:56','00000000','1112224466592','순길동','0101231234',NULL,NULL,NULL,NULL,NULL),('0000000699','2022-08-31 16:07:56','00000000','1505023698419','강전길동','0101231234',NULL,NULL,NULL,NULL,NULL),('0000000700','2022-08-31 16:07:56','00000000','8412241391764','운길동','0101231234',NULL,NULL,NULL,NULL,NULL),('0000000701','2022-08-31 16:07:56','00000000','9612292861392','범길동','0101231234',NULL,NULL,NULL,NULL,NULL),('0000000702','2022-08-31 16:07:56','00000000','6311092255193','순길동','0101231234',NULL,NULL,NULL,NULL,NULL),('0000000703','2022-08-31 16:07:56','00000000','6711111163476','노길동','0101231234',NULL,NULL,NULL,NULL,NULL),('0000000704','2022-08-31 16:07:56','00000000','9411171274156','곽길동','0101231234',NULL,NULL,NULL,NULL,NULL),('0000000705','2022-08-31 16:07:56','00000000','9312162817882','연길동','0101231234',NULL,NULL,NULL,NULL,NULL),('0000000706','2022-08-31 16:07:56','00000000','5212212283554','강전길동','0101231234',NULL,NULL,NULL,NULL,NULL),('0000000707','2022-08-31 16:07:56','00000000','9011251537157','묵길동','0101231234',NULL,NULL,NULL,NULL,NULL),('0000000708','2022-08-31 16:07:56','00000000','7001152489253','망절길동','0101231234',NULL,NULL,NULL,NULL,NULL),('0000000709','2022-08-31 16:07:56','00000000','8512292324431','해길동','0101231234',NULL,NULL,NULL,NULL,NULL),('0000000710','2022-08-31 16:07:56','00000000','7812022877885','양길동','0101231234',NULL,NULL,NULL,NULL,NULL),('0000000711','2022-08-31 16:07:56','00000000','8207062343224','간길동','0101231234',NULL,NULL,NULL,NULL,NULL),('0000000712','2022-08-31 16:07:56','00000000','9408172553197','여길동','0101231234',NULL,NULL,NULL,NULL,NULL),('0000000713','2022-08-31 16:07:56','00000000','7712211877583','남길동','0101231234',NULL,NULL,NULL,NULL,NULL),('0000000714','2022-08-31 16:07:56','00000000','6412212159938','경길동','0101231234',NULL,NULL,NULL,NULL,NULL),('0000000715','2022-08-31 16:07:56','00000000','1707274456546','순길동','0101231234',NULL,NULL,NULL,NULL,NULL),('0000000716','2022-08-31 16:07:56','00000000','9111162594375','방길동','0101231234',NULL,NULL,NULL,NULL,NULL),('0000000717','2022-08-31 16:07:56','00000000','8112092359289','진길동','0101231234',NULL,NULL,NULL,NULL,NULL),('0000000718','2022-08-31 16:07:56','00000000','5001131334123','구길동','0101231234',NULL,NULL,NULL,NULL,NULL),('0000000719','2022-08-31 16:07:56','00000000','1712224769385','음길동','0101231234',NULL,NULL,NULL,NULL,NULL),('0000000720','2022-08-31 16:07:56','00000000','6312241438615','원길동','0101231234',NULL,NULL,NULL,NULL,NULL),('0000000721','2022-08-31 16:07:56','00000000','6402072155686','범길동','0101231234',NULL,NULL,NULL,NULL,NULL),('0000000722','2022-08-31 16:07:56','00000000','8404072958414','시길동','0101231234',NULL,NULL,NULL,NULL,NULL),('0000000723','2022-08-31 16:07:56','00000000','5812052666138','조길동','0101231234',NULL,NULL,NULL,NULL,NULL),('0000000724','2022-08-31 16:07:56','00000000','8909241754645','선우길동','0101231234',NULL,NULL,NULL,NULL,NULL),('0000000725','2022-08-31 16:07:56','00000000','6211031721591','낭길동','0101231234',NULL,NULL,NULL,NULL,NULL),('0000000726','2022-08-31 16:07:56','00000000','5211011455321','서길동','0101231234',NULL,NULL,NULL,NULL,NULL),('0000000727','2022-08-31 16:07:56','00000000','8105212377933','홍길동','0101231234',NULL,NULL,NULL,NULL,NULL),('0000000728','2022-08-31 16:07:56','00000000','7207151328337','동길동','0101231234',NULL,NULL,NULL,NULL,NULL),('0000000729','2022-08-31 16:07:56','00000000','8712032111835','교길동','0101231234',NULL,NULL,NULL,NULL,NULL),('0000000730','2022-08-31 16:07:56','00000000','8109281383797','옥길동','0101231234',NULL,NULL,NULL,NULL,NULL),('0000000731','2022-08-31 16:07:56','00000000','5111031782456','옥길동','0101231234',NULL,NULL,NULL,NULL,NULL),('0000000732','2022-08-31 16:07:56','00000000','6012021759284','포길동','0101231234',NULL,NULL,NULL,NULL,NULL),('0000000733','2022-08-31 16:07:56','00000000','8911262167985','차길동','0101231234',NULL,NULL,NULL,NULL,NULL),('0000000734','2022-08-31 16:07:56','00000000','6711112558582','빈길동','0101231234',NULL,NULL,NULL,NULL,NULL),('0000000735','2022-08-31 16:07:56','00000000','9012111977861','송길동','0101231234',NULL,NULL,NULL,NULL,NULL),('0000000736','2022-08-31 16:07:56','00000000','8601022298893','정길동','0101231234',NULL,NULL,NULL,NULL,NULL),('0000000737','2022-08-31 16:07:56','00000000','5104252539917','변길동','0101231234',NULL,NULL,NULL,NULL,NULL),('0000000738','2022-08-31 16:07:56','00000000','6612221147575','신길동','0101231234',NULL,NULL,NULL,NULL,NULL),('0000000739','2022-08-31 16:07:56','00000000','6012132923136','궁길동','0101231234',NULL,NULL,NULL,NULL,NULL),('0000000740','2022-08-31 16:07:56','00000000','5012181993184','강길동','0101231234',NULL,NULL,NULL,NULL,NULL),('0000000741','2022-08-31 16:07:56','00000000','8112042448421','만길동','0101231234',NULL,NULL,NULL,NULL,NULL),('0000000742','2022-08-31 16:07:56','00000000','6112162228325','간길동','0101231234',NULL,NULL,NULL,NULL,NULL),('0000000743','2022-08-31 16:07:56','00000000','5705291974382','장길동','0101231234',NULL,NULL,NULL,NULL,NULL),('0000000744','2022-08-31 16:07:56','00000000','7112141214237','가길동','0101231234',NULL,NULL,NULL,NULL,NULL),('0000000745','2022-08-31 16:07:56','00000000','8011231596476','여길동','0101231234',NULL,NULL,NULL,NULL,NULL),('0000000746','2022-08-31 16:07:56','00000000','6312161366959','증길동','0101231234',NULL,NULL,NULL,NULL,NULL),('0000000747','2022-08-31 16:07:56','00000000','9704281847368','점길동','0101231234',NULL,NULL,NULL,NULL,NULL),('0000000748','2022-08-31 16:07:56','00000000','7612172562432','국길동','0101231234',NULL,NULL,NULL,NULL,NULL),('0000000749','2022-08-31 16:07:56','00000000','1401183179956','교길동','0101231234',NULL,NULL,NULL,NULL,NULL),('0000000750','2022-08-31 16:07:56','00000000','6712092733637','단길동','0101231234',NULL,NULL,NULL,NULL,NULL),('0000000751','2022-08-31 16:07:56','00000000','6012051119293','노길동','0101231234',NULL,NULL,NULL,NULL,NULL),('0000000752','2022-08-31 16:07:56','00000000','5911111321973','국길동','0101231234',NULL,NULL,NULL,NULL,NULL),('0000000753','2022-08-31 16:07:56','00000000','5312172941563','만길동','0101231234',NULL,NULL,NULL,NULL,NULL),('0000000754','2022-08-31 16:07:56','00000000','8811052135344','우길동','0101231234',NULL,NULL,NULL,NULL,NULL),('0000000755','2022-08-31 16:07:56','00000000','7311011471316','독고길동','0101231234',NULL,NULL,NULL,NULL,NULL),('0000000756','2022-08-31 16:07:56','00000000','8211281668825','인길동','0101231234',NULL,NULL,NULL,NULL,NULL),('0000000757','2022-08-31 16:07:56','00000000','6211212995655','봉길동','0101231234',NULL,NULL,NULL,NULL,NULL),('0000000758','2022-08-31 16:07:56','00000000','6512222666686','영길동','0101231234',NULL,NULL,NULL,NULL,NULL),('0000000759','2022-08-31 16:07:56','00000000','6812082867678','고길동','0101231234',NULL,NULL,NULL,NULL,NULL),('0000000760','2022-08-31 16:07:56','00000000','8412071184713','금길동','0101231234',NULL,NULL,NULL,NULL,NULL),('0000000761','2022-08-31 16:07:56','00000000','6707022679962','전길동','0101231234',NULL,NULL,NULL,NULL,NULL),('0000000762','2022-08-31 16:07:56','00000000','8602132719833','난길동','0101231234',NULL,NULL,NULL,NULL,NULL),('0000000763','2022-08-31 16:07:56','00000000','7211012351383','우길동','0101231234',NULL,NULL,NULL,NULL,NULL),('0000000764','2022-08-31 16:07:56','00000000','5411182945534','뇌길동','0101231234',NULL,NULL,NULL,NULL,NULL),('0000000765','2022-08-31 16:07:56','00000000','7601262489836','화길동','0101231234',NULL,NULL,NULL,NULL,NULL),('0000000766','2022-08-31 16:07:56','00000000','7412012234947','범길동','0101231234',NULL,NULL,NULL,NULL,NULL),('0000000767','2022-08-31 16:07:56','00000000','6911231146323','진길동','0101231234',NULL,NULL,NULL,NULL,NULL),('0000000768','2022-08-31 16:07:56','00000000','8011061893226','빈길동','0101231234',NULL,NULL,NULL,NULL,NULL),('0000000769','2022-08-31 16:07:56','00000000','5102241277636','도길동','0101231234',NULL,NULL,NULL,NULL,NULL),('0000000770','2022-08-31 16:07:56','00000000','6111291295733','삼길동','0101231234',NULL,NULL,NULL,NULL,NULL),('0000000771','2022-08-31 16:07:56','00000000','1911284118837','함길동','0101231234',NULL,NULL,NULL,NULL,NULL),('0000000772','2022-08-31 16:07:56','00000000','5612122645572','차길동','0101231234',NULL,NULL,NULL,NULL,NULL),('0000000773','2022-08-31 16:07:56','00000000','8112212637977','설길동','0101231234',NULL,NULL,NULL,NULL,NULL),('0000000774','2022-08-31 16:07:56','00000000','8901281635349','정길동','0101231234',NULL,NULL,NULL,NULL,NULL),('0000000775','2022-08-31 16:07:56','00000000','1712144162351','하길동','0101231234',NULL,NULL,NULL,NULL,NULL),('0000000776','2022-08-31 16:07:56','00000000','9812271434384','부길동','0101231234',NULL,NULL,NULL,NULL,NULL),('0000000777','2022-08-31 16:07:56','00000000','8602271563781','진길동','0101231234',NULL,NULL,NULL,NULL,NULL),('0000000778','2022-08-31 16:07:56','00000000','6602022145866','감길동','0101231234',NULL,NULL,NULL,NULL,NULL),('0000000779','2022-08-31 16:07:56','00000000','6111091294246','최길동','0101231234',NULL,NULL,NULL,NULL,NULL),('0000000780','2022-08-31 16:07:56','00000000','8804092571352','함길동','0101231234',NULL,NULL,NULL,NULL,NULL),('0000000781','2022-08-31 16:07:56','00000000','9308261444465','조길동','0101231234',NULL,NULL,NULL,NULL,NULL),('0000000782','2022-08-31 16:07:56','00000000','9611292297966','영길동','0101231234',NULL,NULL,NULL,NULL,NULL),('0000000783','2022-08-31 16:07:56','00000000','8602061795567','서길동','0101231234',NULL,NULL,NULL,NULL,NULL),('0000000784','2022-08-31 16:07:56','00000000','8412032642987','빙길동','0101231234',NULL,NULL,NULL,NULL,NULL),('0000000785','2022-08-31 16:07:56','00000000','1512073141936','뇌길동','0101231234',NULL,NULL,NULL,NULL,NULL),('0000000786','2022-08-31 16:07:56','00000000','6212131943582','순길동','0101231234',NULL,NULL,NULL,NULL,NULL),('0000000787','2022-08-31 16:07:56','00000000','8412092349687','맹길동','0101231234',NULL,NULL,NULL,NULL,NULL),('0000000788','2022-08-31 16:07:56','00000000','5306182698649','부길동','0101231234',NULL,NULL,NULL,NULL,NULL),('0000000789','2022-08-31 16:07:56','00000000','5312172162853','장길동','0101231234',NULL,NULL,NULL,NULL,NULL),('0000000790','2022-08-31 16:07:56','00000000','6307261145548','성길동','0101231234',NULL,NULL,NULL,NULL,NULL),('0000000791','2022-08-31 16:07:56','00000000','6904172183161','팽길동','0101231234',NULL,NULL,NULL,NULL,NULL),('0000000792','2022-08-31 16:07:56','00000000','8811091527824','안길동','0101231234',NULL,NULL,NULL,NULL,NULL),('0000000793','2022-08-31 16:07:56','00000000','7106051778741','장곡길동','0101231234',NULL,NULL,NULL,NULL,NULL),('0000000794','2022-08-31 16:07:56','00000000','1011294634618','홍길동','0101231234',NULL,NULL,NULL,NULL,NULL),('0000000795','2022-08-31 16:07:56','00000000','6212081365274','두길동','0101231234',NULL,NULL,NULL,NULL,NULL),('0000000796','2022-08-31 16:07:56','00000000','7011232559692','부길동','0101231234',NULL,NULL,NULL,NULL,NULL),('0000000797','2022-08-31 16:07:56','00000000','6409142662953','삼길동','0101231234',NULL,NULL,NULL,NULL,NULL),('0000000798','2022-08-31 16:07:56','00000000','5708061374289','도길동','0101231234',NULL,NULL,NULL,NULL,NULL),('0000000799','2022-08-31 16:07:56','00000000','5411171834498','증길동','0101231234',NULL,NULL,NULL,NULL,NULL),('0000000800','2022-08-31 16:07:56','00000000','6004231564865','범길동','0101231234',NULL,NULL,NULL,NULL,NULL),('0000000801','2022-08-31 16:07:56','00000000','5611021162239','엄길동','0101231234',NULL,NULL,NULL,NULL,NULL),('0000000802','2022-08-31 16:07:56','00000000','8006181829344','전길동','0101231234',NULL,NULL,NULL,NULL,NULL),('0000000803','2022-08-31 16:07:56','00000000','6412221241533','염길동','0101231234',NULL,NULL,NULL,NULL,NULL),('0000000804','2022-08-31 16:07:56','00000000','7207032119448','기길동','0101231234',NULL,NULL,NULL,NULL,NULL),('0000000805','2022-08-31 16:07:56','00000000','5506232767952','양길동','0101231234',NULL,NULL,NULL,NULL,NULL),('0000000806','2022-08-31 16:07:56','00000000','7105151867451','제길동','0101231234',NULL,NULL,NULL,NULL,NULL),('0000000807','2022-08-31 16:07:56','00000000','7712112548694','변길동','0101231234',NULL,NULL,NULL,NULL,NULL),('0000000808','2022-08-31 16:07:56','00000000','5911152683948','곽길동','0101231234',NULL,NULL,NULL,NULL,NULL),('0000000809','2022-08-31 16:07:56','00000000','9211211935579','하길동','0101231234',NULL,NULL,NULL,NULL,NULL),('0000000810','2022-08-31 16:07:56','00000000','5112161275635','근길동','0101231234',NULL,NULL,NULL,NULL,NULL),('0000000811','2022-08-31 16:07:56','00000000','7011161482984','간길동','0101231234',NULL,NULL,NULL,NULL,NULL),('0000000812','2022-08-31 16:07:56','00000000','9712281921496','흥길동','0101231234',NULL,NULL,NULL,NULL,NULL),('0000000813','2022-08-31 16:07:56','00000000','5511161612491','변길동','0101231234',NULL,NULL,NULL,NULL,NULL),('0000000814','2022-08-31 16:07:56','00000000','6302292556114','돈길동','0101231234',NULL,NULL,NULL,NULL,NULL),('0000000815','2022-08-31 16:07:56','00000000','1907043645227','승길동','0101231234',NULL,NULL,NULL,NULL,NULL),('0000000816','2022-08-31 16:07:56','00000000','8612161291639','사공길동','0101231234',NULL,NULL,NULL,NULL,NULL),('0000000817','2022-08-31 16:07:56','00000000','6512062933451','순길동','0101231234',NULL,NULL,NULL,NULL,NULL),('0000000818','2022-08-31 16:07:56','00000000','5611252263329','순길동','0101231234',NULL,NULL,NULL,NULL,NULL),('0000000819','2022-08-31 16:07:56','00000000','7912031913658','뇌길동','0101231234',NULL,NULL,NULL,NULL,NULL),('0000000820','2022-08-31 16:07:56','00000000','9004242226861','시길동','0101231234',NULL,NULL,NULL,NULL,NULL),('0000000821','2022-08-31 16:07:56','00000000','8111192579948','음길동','0101231234',NULL,NULL,NULL,NULL,NULL),('0000000822','2022-08-31 16:07:56','00000000','8912061418168','현길동','0101231234',NULL,NULL,NULL,NULL,NULL),('0000000823','2022-08-31 16:07:56','00000000','8409172994413','소길동','0101231234',NULL,NULL,NULL,NULL,NULL),('0000000824','2022-08-31 16:07:56','00000000','9511131469735','점길동','0101231234',NULL,NULL,NULL,NULL,NULL),('0000000825','2022-08-31 16:07:56','00000000','5306052654275','인길동','0101231234',NULL,NULL,NULL,NULL,NULL),('0000000826','2022-08-31 16:07:56','00000000','5603182438555','공길동','0101231234',NULL,NULL,NULL,NULL,NULL),('0000000827','2022-08-31 16:07:56','00000000','9712022843421','옹길동','0101231234',NULL,NULL,NULL,NULL,NULL),('0000000828','2022-08-31 16:07:56','00000000','7212212431326','담길동','0101231234',NULL,NULL,NULL,NULL,NULL),('0000000829','2022-08-31 16:07:56','00000000','8611162121696','소봉길동','0101231234',NULL,NULL,NULL,NULL,NULL),('0000000830','2022-08-31 16:07:56','00000000','7112231551383','소길동','0101231234',NULL,NULL,NULL,NULL,NULL),('0000000831','2022-08-31 16:07:56','00000000','7611092137383','허길동','0101231234',NULL,NULL,NULL,NULL,NULL),('0000000832','2022-08-31 16:07:56','00000000','6111142667233','피길동','0101231234',NULL,NULL,NULL,NULL,NULL),('0000000833','2022-08-31 16:07:56','00000000','7412092896115','여길동','0101231234',NULL,NULL,NULL,NULL,NULL),('0000000834','2022-08-31 16:07:56','00000000','8611272715439','차길동','0101231234',NULL,NULL,NULL,NULL,NULL),('0000000835','2022-08-31 16:07:56','00000000','9311132586827','곽길동','0101231234',NULL,NULL,NULL,NULL,NULL),('0000000836','2022-08-31 16:07:56','00000000','7811262183173','대길동','0101231234',NULL,NULL,NULL,NULL,NULL),('0000000837','2022-08-31 16:07:56','00000000','5412222896399','온길동','0101231234',NULL,NULL,NULL,NULL,NULL),('0000000838','2022-08-31 16:07:56','00000000','5211212612733','남궁길동','0101231234',NULL,NULL,NULL,NULL,NULL),('0000000839','2022-08-31 16:07:56','00000000','8505291771667','윤길동','0101231234',NULL,NULL,NULL,NULL,NULL),('0000000840','2022-08-31 16:07:56','00000000','7505142287731','표길동','0101231234',NULL,NULL,NULL,NULL,NULL),('0000000841','2022-08-31 16:07:56','00000000','8411061469463','승길동','0101231234',NULL,NULL,NULL,NULL,NULL),('0000000842','2022-08-31 16:07:56','00000000','9009191492465','저길동','0101231234',NULL,NULL,NULL,NULL,NULL),('0000000843','2022-08-31 16:07:56','00000000','8111061126467','궉길동','0101231234',NULL,NULL,NULL,NULL,NULL),('0000000844','2022-08-31 16:07:56','00000000','1003053962835','삼길동','0101231234',NULL,NULL,NULL,NULL,NULL),('0000000845','2022-08-31 16:07:56','00000000','6804142324258','국길동','0101231234',NULL,NULL,NULL,NULL,NULL),('0000000846','2022-08-31 16:07:56','00000000','5811081952518','강길동','0101231234',NULL,NULL,NULL,NULL,NULL),('0000000847','2022-08-31 16:07:56','00000000','5811071256915','호길동','0101231234',NULL,NULL,NULL,NULL,NULL),('0000000848','2022-08-31 16:07:56','00000000','7412032523997','전길동','0101231234',NULL,NULL,NULL,NULL,NULL),('0000000849','2022-08-31 16:07:56','00000000','1109183533611','함길동','0101231234',NULL,NULL,NULL,NULL,NULL),('0000000850','2022-08-31 16:07:56','00000000','8812252111598','심길동','0101231234',NULL,NULL,NULL,NULL,NULL),('0000000851','2022-08-31 16:07:56','00000000','8912212559334','두길동','0101231234',NULL,NULL,NULL,NULL,NULL),('0000000852','2022-08-31 16:07:56','00000000','6009142759282','학길동','0101231234',NULL,NULL,NULL,NULL,NULL),('0000000853','2022-08-31 16:07:56','00000000','1508234666171','장곡길동','0101231234',NULL,NULL,NULL,NULL,NULL),('0000000854','2022-08-31 16:07:56','00000000','7011241624413','천길동','0101231234',NULL,NULL,NULL,NULL,NULL),('0000000855','2022-08-31 16:07:56','00000000','8211051982895','운길동','0101231234',NULL,NULL,NULL,NULL,NULL),('0000000856','2022-08-31 16:07:56','00000000','8612172568167','배길동','0101231234',NULL,NULL,NULL,NULL,NULL),('0000000857','2022-08-31 16:07:56','00000000','5606171627495','후길동','0101231234',NULL,NULL,NULL,NULL,NULL),('0000000858','2022-08-31 16:07:56','00000000','1708224222948','판길동','0101231234',NULL,NULL,NULL,NULL,NULL),('0000000859','2022-08-31 16:07:56','00000000','6708222585731','필길동','0101231234',NULL,NULL,NULL,NULL,NULL),('0000000860','2022-08-31 16:07:56','00000000','7001262539953','돈길동','0101231234',NULL,NULL,NULL,NULL,NULL),('0000000861','2022-08-31 16:07:56','00000000','5301212493218','묵길동','0101231234',NULL,NULL,NULL,NULL,NULL),('0000000862','2022-08-31 16:07:56','00000000','5508161446134','영길동','0101231234',NULL,NULL,NULL,NULL,NULL),('0000000863','2022-08-31 16:07:56','00000000','9412051153543','누길동','0101231234',NULL,NULL,NULL,NULL,NULL),('0000000864','2022-08-31 16:07:56','00000000','5505192882834','양길동','0101231234',NULL,NULL,NULL,NULL,NULL),('0000000865','2022-08-31 16:07:56','00000000','8805021215735','유길동','0101231234',NULL,NULL,NULL,NULL,NULL),('0000000866','2022-08-31 16:07:56','00000000','7708162316298','마길동','0101231234',NULL,NULL,NULL,NULL,NULL),('0000000867','2022-08-31 16:07:56','00000000','7905082116987','심길동','0101231234',NULL,NULL,NULL,NULL,NULL),('0000000868','2022-08-31 16:07:56','00000000','7511022229665','국길동','0101231234',NULL,NULL,NULL,NULL,NULL),('0000000869','2022-08-31 16:07:56','00000000','6812091199434','뇌길동','0101231234',NULL,NULL,NULL,NULL,NULL),('0000000870','2022-08-31 16:07:56','00000000','5611072226922','연길동','0101231234',NULL,NULL,NULL,NULL,NULL),('0000000871','2022-08-31 16:07:56','00000000','8301121269916','교길동','0101231234',NULL,NULL,NULL,NULL,NULL),('0000000872','2022-08-31 16:07:56','00000000','6712041344123','돈길동','0101231234',NULL,NULL,NULL,NULL,NULL),('0000000873','2022-08-31 16:07:56','00000000','7911292924752','옥길동','0101231234',NULL,NULL,NULL,NULL,NULL),('0000000874','2022-08-31 16:07:56','00000000','5903182564212','남궁길동','0101231234',NULL,NULL,NULL,NULL,NULL),('0000000875','2022-08-31 16:07:56','00000000','7011161518252','도길동','0101231234',NULL,NULL,NULL,NULL,NULL),('0000000876','2022-08-31 16:07:56','00000000','9501261623137','승길동','0101231234',NULL,NULL,NULL,NULL,NULL),('0000000877','2022-08-31 16:07:56','00000000','9311151752473','장길동','0101231234',NULL,NULL,NULL,NULL,NULL),('0000000878','2022-08-31 16:07:56','00000000','7711051268941','유길동','0101231234',NULL,NULL,NULL,NULL,NULL),('0000000879','2022-08-31 16:07:56','00000000','5312232567929','서문길동','0101231234',NULL,NULL,NULL,NULL,NULL),('0000000880','2022-08-31 16:07:56','00000000','9703142747885','이길동','0101231234',NULL,NULL,NULL,NULL,NULL),('0000000881','2022-08-31 16:07:56','00000000','7412171796323','종길동','0101231234',NULL,NULL,NULL,NULL,NULL),('0000000882','2022-08-31 16:07:56','00000000','6001011166712','설길동','0101231234',NULL,NULL,NULL,NULL,NULL),('0000000883','2022-08-31 16:07:56','00000000','5705271621928','심길동','0101231234',NULL,NULL,NULL,NULL,NULL),('0000000884','2022-08-31 16:07:56','00000000','5701192676925','주길동','0101231234',NULL,NULL,NULL,NULL,NULL),('0000000885','2022-08-31 16:07:56','00000000','6312241756385','홍길동','0101231234',NULL,NULL,NULL,NULL,NULL),('0000000886','2022-08-31 16:07:56','00000000','5011021682836','영길동','0101231234',NULL,NULL,NULL,NULL,NULL),('0000000887','2022-08-31 16:07:56','00000000','6412092719364','봉길동','0101231234',NULL,NULL,NULL,NULL,NULL),('0000000888','2022-08-31 16:07:56','00000000','9904252685615','성길동','0101231234',NULL,NULL,NULL,NULL,NULL),('0000000889','2022-08-31 16:07:56','00000000','7412061185943','유길동','0101231234',NULL,NULL,NULL,NULL,NULL),('0000000890','2022-08-31 16:07:56','00000000','9712041526919','모길동','0101231234',NULL,NULL,NULL,NULL,NULL),('0000000891','2022-08-31 16:07:56','00000000','7111271625763','독고길동','0101231234',NULL,NULL,NULL,NULL,NULL),('0000000892','2022-08-31 16:07:56','00000000','6211171174137','도길동','0101231234',NULL,NULL,NULL,NULL,NULL),('0000000893','2022-08-31 16:07:56','00000000','7812032893816','한길동','0101231234',NULL,NULL,NULL,NULL,NULL),('0000000894','2022-08-31 16:07:56','00000000','5902031964557','춘길동','0101231234',NULL,NULL,NULL,NULL,NULL),('0000000895','2022-08-31 16:07:56','00000000','7012222636948','맹길동','0101231234',NULL,NULL,NULL,NULL,NULL),('0000000896','2022-08-31 16:07:56','00000000','1812234313993','궉길동','0101231234',NULL,NULL,NULL,NULL,NULL),('0000000897','2022-08-31 16:07:56','00000000','7011242338132','연길동','0101231234',NULL,NULL,NULL,NULL,NULL),('0000000898','2022-08-31 16:07:56','00000000','8012151817345','황보길동','0101231234',NULL,NULL,NULL,NULL,NULL),('0000000899','2022-08-31 16:07:56','00000000','5411022638924','강길동','0101231234',NULL,NULL,NULL,NULL,NULL),('0000000900','2022-08-31 16:07:56','00000000','8611262497136','명길동','0101231234',NULL,NULL,NULL,NULL,NULL),('0000000901','2022-08-31 16:07:56','00000000','6906241723875','사길동','0101231234',NULL,NULL,NULL,NULL,NULL),('0000000902','2022-08-31 16:07:56','00000000','8211212121624','봉길동','0101231234',NULL,NULL,NULL,NULL,NULL),('0000000903','2022-08-31 16:07:56','00000000','7411152451438','엽길동','0101231234',NULL,NULL,NULL,NULL,NULL),('0000000904','2022-08-31 16:07:56','00000000','8201172767263','허길동','0101231234',NULL,NULL,NULL,NULL,NULL),('0000000905','2022-08-31 16:07:56','00000000','6201012229383','아길동','0101231234',NULL,NULL,NULL,NULL,NULL),('0000000906','2022-08-31 16:07:56','00000000','7504152925465','양길동','0101231234',NULL,NULL,NULL,NULL,NULL),('0000000907','2022-08-31 16:07:56','00000000','8711161919687','저길동','0101231234',NULL,NULL,NULL,NULL,NULL),('0000000908','2022-08-31 16:07:56','00000000','8012191743483','돈길동','0101231234',NULL,NULL,NULL,NULL,NULL),('0000000909','2022-08-31 16:07:56','00000000','8001081822824','교길동','0101231234',NULL,NULL,NULL,NULL,NULL),('0000000910','2022-08-31 16:07:56','00000000','1708083853757','염길동','0101231234',NULL,NULL,NULL,NULL,NULL),('0000000911','2022-08-31 16:07:56','00000000','7212122266377','매길동','0101231234',NULL,NULL,NULL,NULL,NULL),('0000000912','2022-08-31 16:07:56','00000000','5105132951274','현길동','0101231234',NULL,NULL,NULL,NULL,NULL),('0000000913','2022-08-31 16:07:56','00000000','6312232452727','국길동','0101231234',NULL,NULL,NULL,NULL,NULL),('0000000914','2022-08-31 16:07:56','00000000','7511272723857','삼길동','0101231234',NULL,NULL,NULL,NULL,NULL),('0000000915','2022-08-31 16:07:56','00000000','8211091368822','궉길동','0101231234',NULL,NULL,NULL,NULL,NULL),('0000000916','2022-08-31 16:07:56','00000000','9211262994552','노길동','0101231234',NULL,NULL,NULL,NULL,NULL),('0000000917','2022-08-31 16:07:56','00000000','8311181116638','시길동','0101231234',NULL,NULL,NULL,NULL,NULL),('0000000918','2022-08-31 16:07:56','00000000','6311222659548','수길동','0101231234',NULL,NULL,NULL,NULL,NULL),('0000000919','2022-08-31 16:07:56','00000000','7511231485515','지길동','0101231234',NULL,NULL,NULL,NULL,NULL),('0000000920','2022-08-31 16:07:56','00000000','8712112867396','증길동','0101231234',NULL,NULL,NULL,NULL,NULL),('0000000921','2022-08-31 16:07:56','00000000','9302012869354','수길동','0101231234',NULL,NULL,NULL,NULL,NULL),('0000000922','2022-08-31 16:07:56','00000000','7612251428227','나길동','0101231234',NULL,NULL,NULL,NULL,NULL),('0000000923','2022-08-31 16:07:56','00000000','9705231288925','소길동','0101231234',NULL,NULL,NULL,NULL,NULL),('0000000924','2022-08-31 16:07:56','00000000','1111174731346','주길동','0101231234',NULL,NULL,NULL,NULL,NULL),('0000000925','2022-08-31 16:07:56','00000000','6812012944624','서문길동','0101231234',NULL,NULL,NULL,NULL,NULL),('0000000926','2022-08-31 16:07:56','00000000','8402191521271','노길동','0101231234',NULL,NULL,NULL,NULL,NULL),('0000000927','2022-08-31 16:07:56','00000000','9312131493777','흥길동','0101231234',NULL,NULL,NULL,NULL,NULL),('0000000928','2022-08-31 16:07:56','00000000','8012231679362','묘길동','0101231234',NULL,NULL,NULL,NULL,NULL),('0000000929','2022-08-31 16:07:56','00000000','9312231929266','두길동','0101231234',NULL,NULL,NULL,NULL,NULL),('0000000930','2022-08-31 16:07:56','00000000','5612211412543','전길동','0101231234',NULL,NULL,NULL,NULL,NULL),('0000000931','2022-08-31 16:07:56','00000000','9512271993314','박길동','0101231234',NULL,NULL,NULL,NULL,NULL),('0000000932','2022-08-31 16:07:56','00000000','5511092674845','단길동','0101231234',NULL,NULL,NULL,NULL,NULL),('0000000933','2022-08-31 16:07:56','00000000','5012022118627','내길동','0101231234',NULL,NULL,NULL,NULL,NULL),('0000000934','2022-08-31 16:07:56','00000000','6709031721215','어금길동','0101231234',NULL,NULL,NULL,NULL,NULL),('0000000935','2022-08-31 16:07:56','00000000','8502291885888','점길동','0101231234',NULL,NULL,NULL,NULL,NULL),('0000000936','2022-08-31 16:07:56','00000000','6408132671398','소길동','0101231234',NULL,NULL,NULL,NULL,NULL),('0000000937','2022-08-31 16:07:56','00000000','1911144255442','팽길동','0101231234',NULL,NULL,NULL,NULL,NULL),('0000000938','2022-08-31 16:07:56','00000000','1012224267397','매길동','0101231234',NULL,NULL,NULL,NULL,NULL),('0000000939','2022-08-31 16:07:56','00000000','5011261641222','온길동','0101231234',NULL,NULL,NULL,NULL,NULL),('0000000940','2022-08-31 16:07:56','00000000','1303053433855','영길동','0101231234',NULL,NULL,NULL,NULL,NULL),('0000000941','2022-08-31 16:07:56','00000000','8711191489884','임길동','0101231234',NULL,NULL,NULL,NULL,NULL),('0000000942','2022-08-31 16:07:56','00000000','5211252957549','궉길동','0101231234',NULL,NULL,NULL,NULL,NULL),('0000000943','2022-08-31 16:07:56','00000000','8912021967641','금길동','0101231234',NULL,NULL,NULL,NULL,NULL),('0000000944','2022-08-31 16:07:56','00000000','1305143729216','설길동','0101231234',NULL,NULL,NULL,NULL,NULL),('0000000945','2022-08-31 16:07:56','00000000','6411072242387','궁길동','0101231234',NULL,NULL,NULL,NULL,NULL),('0000000946','2022-08-31 16:07:56','00000000','9211222548767','대길동','0101231234',NULL,NULL,NULL,NULL,NULL),('0000000947','2022-08-31 16:07:56','00000000','8209271734491','뇌길동','0101231234',NULL,NULL,NULL,NULL,NULL),('0000000948','2022-08-31 16:07:56','00000000','9209192382436','천길동','0101231234',NULL,NULL,NULL,NULL,NULL),('0000000949','2022-08-31 16:07:56','00000000','6111092492467','유길동','0101231234',NULL,NULL,NULL,NULL,NULL),('0000000950','2022-08-31 16:07:56','00000000','9312142139298','장곡길동','0101231234',NULL,NULL,NULL,NULL,NULL),('0000000951','2022-08-31 16:07:56','00000000','6811211857229','사길동','0101231234',NULL,NULL,NULL,NULL,NULL),('0000000952','2022-08-31 16:07:56','00000000','1212073571967','맹길동','0101231234',NULL,NULL,NULL,NULL,NULL),('0000000953','2022-08-31 16:07:56','00000000','7612081792288','뇌길동','0101231234',NULL,NULL,NULL,NULL,NULL),('0000000954','2022-08-31 16:07:56','00000000','9512111232744','맹길동','0101231234',NULL,NULL,NULL,NULL,NULL),('0000000955','2022-08-31 16:07:56','00000000','6211221337573','차길동','0101231234',NULL,NULL,NULL,NULL,NULL),('0000000956','2022-08-31 16:07:56','00000000','7412221857648','문길동','0101231234',NULL,NULL,NULL,NULL,NULL),('0000000957','2022-08-31 16:07:56','00000000','5312182725479','임길동','0101231234',NULL,NULL,NULL,NULL,NULL),('0000000958','2022-08-31 16:07:56','00000000','8712252255922','초길동','0101231234',NULL,NULL,NULL,NULL,NULL),('0000000959','2022-08-31 16:07:56','00000000','7311092298613','추길동','0101231234',NULL,NULL,NULL,NULL,NULL),('0000000960','2022-08-31 16:07:56','00000000','7112291194574','염길동','0101231234',NULL,NULL,NULL,NULL,NULL),('0000000961','2022-08-31 16:07:56','00000000','8812041281893','원길동','0101231234',NULL,NULL,NULL,NULL,NULL),('0000000962','2022-08-31 16:07:56','00000000','9506071312782','국길동','0101231234',NULL,NULL,NULL,NULL,NULL),('0000000963','2022-08-31 16:07:56','00000000','5712162553693','서문길동','0101231234',NULL,NULL,NULL,NULL,NULL),('0000000964','2022-08-31 16:07:56','00000000','6911162222126','손길동','0101231234',NULL,NULL,NULL,NULL,NULL),('0000000965','2022-08-31 16:07:56','00000000','8002081931346','반길동','0101231234',NULL,NULL,NULL,NULL,NULL),('0000000966','2022-08-31 16:07:56','00000000','9511162974686','궉길동','0101231234',NULL,NULL,NULL,NULL,NULL),('0000000967','2022-08-31 16:07:56','00000000','9211032926872','도길동','0101231234',NULL,NULL,NULL,NULL,NULL),('0000000968','2022-08-31 16:07:56','00000000','9412131157444','경길동','0101231234',NULL,NULL,NULL,NULL,NULL),('0000000969','2022-08-31 16:07:56','00000000','8012242378672','점길동','0101231234',NULL,NULL,NULL,NULL,NULL),('0000000970','2022-08-31 16:07:56','00000000','5612082184829','위길동','0101231234',NULL,NULL,NULL,NULL,NULL),('0000000971','2022-08-31 16:07:56','00000000','6511162595824','위길동','0101231234',NULL,NULL,NULL,NULL,NULL),('0000000972','2022-08-31 16:07:56','00000000','6112131135454','순길동','0101231234',NULL,NULL,NULL,NULL,NULL),('0000000973','2022-08-31 16:07:56','00000000','7312012848625','경길동','0101231234',NULL,NULL,NULL,NULL,NULL),('0000000974','2022-08-31 16:07:56','00000000','8512021774111','허길동','0101231234',NULL,NULL,NULL,NULL,NULL),('0000000975','2022-08-31 16:07:56','00000000','6105092751173','구길동','0101231234',NULL,NULL,NULL,NULL,NULL),('0000000976','2022-08-31 16:07:56','00000000','5311221395749','채길동','0101231234',NULL,NULL,NULL,NULL,NULL),('0000000977','2022-08-31 16:07:56','00000000','6612251322447','이길동','0101231234',NULL,NULL,NULL,NULL,NULL),('0000000978','2022-08-31 16:07:56','00000000','9202161237871','어길동','0101231234',NULL,NULL,NULL,NULL,NULL),('0000000979','2022-08-31 16:07:56','00000000','9912071295234','이길동','0101231234',NULL,NULL,NULL,NULL,NULL),('0000000980','2022-08-31 16:07:56','00000000','5612081866145','목길동','0101231234',NULL,NULL,NULL,NULL,NULL),('0000000981','2022-08-31 16:07:56','00000000','5212261622979','창길동','0101231234',NULL,NULL,NULL,NULL,NULL),('0000000982','2022-08-31 16:07:56','00000000','7912062564576','초길동','0101231234',NULL,NULL,NULL,NULL,NULL),('0000000983','2022-08-31 16:07:56','00000000','8912191373153','설길동','0101231234',NULL,NULL,NULL,NULL,NULL),('0000000984','2022-08-31 16:07:56','00000000','5011132361232','후길동','0101231234',NULL,NULL,NULL,NULL,NULL),('0000000985','2022-08-31 16:07:56','00000000','8211261978957','판길동','0101231234',NULL,NULL,NULL,NULL,NULL),('0000000986','2022-08-31 16:07:56','00000000','6905032119374','선우길동','0101231234',NULL,NULL,NULL,NULL,NULL),('0000000987','2022-08-31 16:07:56','00000000','5712162195227','방길동','0101231234',NULL,NULL,NULL,NULL,NULL),('0000000988','2022-08-31 16:07:56','00000000','8112142942257','태길동','0101231234',NULL,NULL,NULL,NULL,NULL),('0000000989','2022-08-31 16:07:56','00000000','9312232627188','염길동','0101231234',NULL,NULL,NULL,NULL,NULL),('0000000990','2022-08-31 16:07:56','00000000','6711052359596','주길동','0101231234',NULL,NULL,NULL,NULL,NULL),('0000000991','2022-08-31 16:07:56','00000000','9911112397527','양길동','0101231234',NULL,NULL,NULL,NULL,NULL),('0000000992','2022-08-31 16:07:56','00000000','9105192128729','돈길동','0101231234',NULL,NULL,NULL,NULL,NULL),('0000000993','2022-08-31 16:07:56','00000000','8901262188245','진길동','0101231234',NULL,NULL,NULL,NULL,NULL),('0000000994','2022-08-31 16:07:56','00000000','6212251376997','조길동','0101231234',NULL,NULL,NULL,NULL,NULL),('0000000995','2022-08-31 16:07:56','00000000','6009122897259','편길동','0101231234',NULL,NULL,NULL,NULL,NULL),('0000000996','2022-08-31 16:07:56','00000000','8311242923913','해길동','0101231234',NULL,NULL,NULL,NULL,NULL),('0000000997','2022-08-31 16:07:56','00000000','1806244948629','주길동','0101231234',NULL,NULL,NULL,NULL,NULL),('0000000998','2022-08-31 16:07:56','00000000','8803082374493','선길동','0101231234',NULL,NULL,NULL,NULL,NULL),('0000000999','2022-08-31 16:07:56','00000000','8912211866624','음길동','0101231234',NULL,NULL,NULL,NULL,NULL),('0000001000','2022-08-31 16:07:56','00000000','7711181137242','연길동','0101231234',NULL,NULL,NULL,NULL,NULL),('0000001002','2022-08-31 16:07:56','00000000','7611212141891','주길동','0101231234',NULL,NULL,NULL,NULL,NULL),('0000001003','2022-08-31 16:07:56','00000000','1712224769385','음길동','0101231234',NULL,NULL,NULL,NULL,NULL),('0000001004','2022-08-31 16:07:56','00000000','7212212431326','담길동','0101231234',NULL,NULL,NULL,NULL,NULL),('0000001005','2022-08-31 16:07:56','00000000','5211212612733','남궁길동','0101231234',NULL,NULL,NULL,NULL,NULL),('0000001006','2022-08-31 16:07:56','00000000','7212292756646','내길동','0101231234',NULL,NULL,NULL,NULL,NULL),('0000001007','2022-08-31 16:07:56','00000000','8412241391764','운길동','0101231234',NULL,NULL,NULL,NULL,NULL),('0000001008','2022-08-31 16:07:56','00000000','8207062343224','간길동','0101231234',NULL,NULL,NULL,NULL,NULL),('0000001009','2022-08-31 16:07:56','00000000','5811221937533','영길동','0101231234',NULL,NULL,NULL,NULL,NULL),('0000001010','2022-08-31 16:07:56','00000000','7811052584839','팽길동','0101231234',NULL,NULL,NULL,NULL,NULL),('0000001011','2022-08-31 16:07:56','00000000','6611111166423','사길동','0101231234',NULL,NULL,NULL,NULL,NULL),('0000001012','2022-08-31 16:07:56','00000000','5009072245998','비길동','0101231234',NULL,NULL,NULL,NULL,NULL),('0000001013','2022-08-31 16:07:56','00000000','1009294428136','빈길동','0101231234',NULL,NULL,NULL,NULL,NULL),('0000001014','2022-08-31 16:07:56','00000000','7711272625295','방길동','0101231234',NULL,NULL,NULL,NULL,NULL),('0000001015','2022-08-31 16:07:56','00000000','7612251428227','나길동','0101231234',NULL,NULL,NULL,NULL,NULL),('0000001016','2022-08-31 16:07:56','00000000','9212052661986','반길동','0101231234',NULL,NULL,NULL,NULL,NULL),('0000001017','2022-08-31 16:07:56','00000000','6603181228466','순길동','0101231234',NULL,NULL,NULL,NULL,NULL),('0000001018','2022-08-31 16:07:56','00000000','7812252763858','기길동','0101231234',NULL,NULL,NULL,NULL,NULL),('0000001019','2022-08-31 16:07:56','00000000','8612182758718','백길동','0101231234',NULL,NULL,NULL,NULL,NULL),('0000001020','2022-08-31 16:07:56','00000000','1707274456546','순길동','0101231234',NULL,NULL,NULL,NULL,NULL),('0000001021','2022-08-31 16:07:56','00000000','5602122994816','두길동','0101231234',NULL,NULL,NULL,NULL,NULL),('0000001022','2022-08-31 16:07:56','00000000','9305011754675','여길동','0101231234',NULL,NULL,NULL,NULL,NULL),('0000001023','2022-08-31 16:07:56','00000000','7609111834382','박길동','0101231234',NULL,NULL,NULL,NULL,NULL),('0000001024','2022-08-31 16:07:56','00000000','5402051549662','차길동','0101231234',NULL,NULL,NULL,NULL,NULL),('0000001025','2022-08-31 16:07:56','00000000','6112241686141','판길동','0101231234',NULL,NULL,NULL,NULL,NULL),('0000001026','2022-08-31 16:07:56','00000000','7111022824257','구길동','0101231234',NULL,NULL,NULL,NULL,NULL),('0000001027','2022-08-31 16:07:56','00000000','8112212637977','설길동','0101231234',NULL,NULL,NULL,NULL,NULL),('0000001028','2022-08-31 16:07:56','00000000','1109183533611','함길동','0101231234',NULL,NULL,NULL,NULL,NULL),('0000001029','2022-08-31 16:07:56','00000000','5306182698649','부길동','0101231234',NULL,NULL,NULL,NULL,NULL),('0000001030','2022-08-31 16:07:56','00000000','8311151342818','음길동','0101231234',NULL,NULL,NULL,NULL,NULL),('0000001031','2022-08-31 16:07:56','00000000','6312181227789','소봉길동','0101231234',NULL,NULL,NULL,NULL,NULL),('0000001032','2022-08-31 16:07:56','00000000','9703142747885','이길동','0101231234',NULL,NULL,NULL,NULL,NULL),('0000001033','2022-08-31 16:07:56','00000000','1912023835552','풍길동','0101231234',NULL,NULL,NULL,NULL,NULL),('0000001034','2022-08-31 16:07:56','00000000','6511052612362','조길동','0101231234',NULL,NULL,NULL,NULL,NULL),('0000001035','2022-08-31 16:07:56','00000000','9805132242912','낭길동','0101231234',NULL,NULL,NULL,NULL,NULL),('0000001036','2022-08-31 16:07:56','00000000','9206232124387','배길동','0101231234',NULL,NULL,NULL,NULL,NULL),('0000001037','2022-08-31 16:07:56','00000000','8911152413355','원길동','0101231234',NULL,NULL,NULL,NULL,NULL),('0000001038','2022-08-31 16:07:56','00000000','6511162595824','위길동','0101231234',NULL,NULL,NULL,NULL,NULL),('0000001039','2022-08-31 16:07:56','00000000','9312232627188','염길동','0101231234',NULL,NULL,NULL,NULL,NULL),('0000001040','2022-08-31 16:07:56','00000000','7406162659779','포길동','0101231234',NULL,NULL,NULL,NULL,NULL),('0000001041','2022-08-31 16:07:56','00000000','7202011334741','감길동','0101231234',NULL,NULL,NULL,NULL,NULL),('0000001042','2022-08-31 16:07:56','00000000','9907032733712','교길동','0101231234',NULL,NULL,NULL,NULL,NULL),('0000001043','2022-08-31 16:07:56','00000000','7712112548694','변길동','0101231234',NULL,NULL,NULL,NULL,NULL),('0000001044','2022-08-31 16:07:56','00000000','9012091222498','난길동','0101231234',NULL,NULL,NULL,NULL,NULL),('0000001045','2022-08-31 16:07:56','00000000','7612182255189','만길동','0101231234',NULL,NULL,NULL,NULL,NULL),('0000001046','2022-08-31 16:07:56','00000000','8312261468388','수길동','0101231234',NULL,NULL,NULL,NULL,NULL),('0000001047','2022-08-31 16:07:56','00000000','8809242124741','송길동','0101231234',NULL,NULL,NULL,NULL,NULL),('0000001048','2022-08-31 16:07:56','00000000','9105192128729','돈길동','0101231234',NULL,NULL,NULL,NULL,NULL),('0000001049','2022-08-31 16:07:56','00000000','5409071665576','목길동','0101231234',NULL,NULL,NULL,NULL,NULL),('0000001050','2022-08-31 16:07:56','00000000','6012142158149','순길동','0101231234',NULL,NULL,NULL,NULL,NULL),('0000001051','2022-08-31 16:07:56','00000000','6311241321591','장길동','0101231234',NULL,NULL,NULL,NULL,NULL),('0000001052','2022-08-31 16:07:56','00000000','6911162222126','손길동','0101231234',NULL,NULL,NULL,NULL,NULL),('0000001053','2022-08-31 16:07:56','00000000','5112112661692','춘길동','0101231234',NULL,NULL,NULL,NULL,NULL),('0000001054','2022-08-31 16:07:56','00000000','7912031913658','뇌길동','0101231234',NULL,NULL,NULL,NULL,NULL),('0000001055','2022-08-31 16:07:56','00000000','9611262932595','영길동','0101231234',NULL,NULL,NULL,NULL,NULL),('0000001056','2022-08-31 16:07:56','00000000','9402282255233','제갈길동','0101231234',NULL,NULL,NULL,NULL,NULL),('0000001057','2022-08-31 16:07:56','00000000','7912062564576','초길동','0101231234',NULL,NULL,NULL,NULL,NULL),('0000001058','2022-08-31 16:07:56','00000000','8011231596476','여길동','0101231234',NULL,NULL,NULL,NULL,NULL),('0000001059','2022-08-31 16:07:56','00000000','5911152683948','곽길동','0101231234',NULL,NULL,NULL,NULL,NULL),('0000001060','2022-08-31 16:07:56','00000000','6611071955625','풍길동','0101231234',NULL,NULL,NULL,NULL,NULL),('0000001061','2022-08-31 16:07:56','00000000','6112122123293','강길동','0101231234',NULL,NULL,NULL,NULL,NULL),('0000001062','2022-08-31 16:07:56','00000000','6111091294246','최길동','0101231234',NULL,NULL,NULL,NULL,NULL),('0000001063','2022-08-31 16:07:56','00000000','5911112834571','안길동','0101231234',NULL,NULL,NULL,NULL,NULL),('0000001064','2022-08-31 16:07:56','00000000','6911241856956','마길동','0101231234',NULL,NULL,NULL,NULL,NULL),('0000001065','2022-08-31 16:07:56','00000000','5511251946641','봉길동','0101231234',NULL,NULL,NULL,NULL,NULL),('0000001066','2022-08-31 16:07:56','00000000','9312072871512','신길동','0101231234',NULL,NULL,NULL,NULL,NULL),('0000001067','2022-08-31 16:07:56','00000000','8505031455665','권길동','0101231234',NULL,NULL,NULL,NULL,NULL),('0000001068','2022-08-31 16:07:56','00000000','5511222719866','한길동','0101231234',NULL,NULL,NULL,NULL,NULL),('0000001069','2022-08-31 16:07:56','00000000','7308182855473','구길동','0101231234',NULL,NULL,NULL,NULL,NULL),('0000001070','2022-08-31 16:07:56','00000000','5011132361232','후길동','0101231234',NULL,NULL,NULL,NULL,NULL),('0000001071','2022-08-31 16:07:56','00000000','8612241923137','예길동','0101231234',NULL,NULL,NULL,NULL,NULL),('0000001072','2022-08-31 16:07:56','00000000','7001152489253','망절길동','0101231234',NULL,NULL,NULL,NULL,NULL),('0000001073','2022-08-31 16:07:56','00000000','7412132717768','창길동','0101231234',NULL,NULL,NULL,NULL,NULL),('0000001074','2022-08-31 16:07:56','00000000','5304132668281','구길동','0101231234',NULL,NULL,NULL,NULL,NULL),('0000001075','2022-08-31 16:07:56','00000000','9211111514583','선우길동','0101231234',NULL,NULL,NULL,NULL,NULL),('0000001076','2022-08-31 16:07:56','00000000','6712092733637','단길동','0101231234',NULL,NULL,NULL,NULL,NULL),('0000001077','2022-08-31 16:07:56','00000000','7011241624413','천길동','0101231234',NULL,NULL,NULL,NULL,NULL),('0000001078','2022-08-31 16:07:56','00000000','6012021759284','포길동','0101231234',NULL,NULL,NULL,NULL,NULL),('0000001079','2022-08-31 16:07:56','00000000','9011061797946','사길동','0101231234',NULL,NULL,NULL,NULL,NULL),('0000001080','2022-08-31 16:07:56','00000000','9212061565142','최길동','0101231234',NULL,NULL,NULL,NULL,NULL),('0000001081','2022-08-31 16:07:56','00000000','9212162441198','육길동','0101231234',NULL,NULL,NULL,NULL,NULL),('0000001082','2022-08-31 16:07:56','00000000','7711181137242','연길동','0101231234',NULL,NULL,NULL,NULL,NULL),('0000001083','2022-08-31 16:07:56','00000000','5611071321835','경길동','0101231234',NULL,NULL,NULL,NULL,NULL),('0000001084','2022-08-31 16:07:56','00000000','9612292861392','범길동','0101231234',NULL,NULL,NULL,NULL,NULL),('0000001085','2022-08-31 16:07:56','00000000','5311242538857','이길동','0101231234',NULL,NULL,NULL,NULL,NULL),('0000001086','2022-08-31 16:07:56','00000000','5112021934899','한길동','0101231234',NULL,NULL,NULL,NULL,NULL),('0000001087','2022-08-31 16:07:56','00000000','6802282196433','편길동','0101231234',NULL,NULL,NULL,NULL,NULL),('0000001088','2022-08-31 16:07:56','00000000','1305143729216','설길동','0101231234',NULL,NULL,NULL,NULL,NULL),('0000001089','2022-08-31 16:07:56','00000000','7112252787175','석길동','0101231234',NULL,NULL,NULL,NULL,NULL),('0000001090','2022-08-31 16:07:56','00000000','7112172819186','하길동','0101231234',NULL,NULL,NULL,NULL,NULL),('0000001091','2022-08-31 16:07:56','00000000','9112151314591','수길동','0101231234',NULL,NULL,NULL,NULL,NULL),('0000001092','2022-08-31 16:07:56','00000000','7402172262348','배길동','0101231234',NULL,NULL,NULL,NULL,NULL),('0000001093','2022-08-31 16:07:56','00000000','6412132538162','소길동','0101231234',NULL,NULL,NULL,NULL,NULL),('0000001094','2022-08-31 16:07:56','00000000','6412092719364','봉길동','0101231234',NULL,NULL,NULL,NULL,NULL),('0000001095','2022-08-31 16:07:56','00000000','1611294391926','두길동','0101231234',NULL,NULL,NULL,NULL,NULL),('0000001096','2022-08-31 16:07:56','00000000','8105212377933','홍길동','0101231234',NULL,NULL,NULL,NULL,NULL),('0000001097','2022-08-31 16:07:56','00000000','6708122718196','설길동','0101231234',NULL,NULL,NULL,NULL,NULL),('0000001098','2022-08-31 16:07:56','00000000','9612292337769','망절길동','0101231234',NULL,NULL,NULL,NULL,NULL),('0000001099','2022-08-31 16:07:56','00000000','5403052442292','묵길동','0101231234',NULL,NULL,NULL,NULL,NULL),('0000001100','2022-08-31 16:07:56','00000000','5505192882834','양길동','0101231234',NULL,NULL,NULL,NULL,NULL),('0000001101','2022-08-31 16:07:56','00000000','7011242338132','연길동','0101231234',NULL,NULL,NULL,NULL,NULL),('0000001102','2022-08-31 16:07:56','00000000','6412061325415','아길동','0101231234',NULL,NULL,NULL,NULL,NULL),('0000001103','2022-08-31 16:07:56','00000000','5411122934235','김길동','0101231234',NULL,NULL,NULL,NULL,NULL),('0000001104','2022-08-31 16:07:56','00000000','7611131925894','허길동','0101231234',NULL,NULL,NULL,NULL,NULL),('0000001105','2022-08-31 16:07:56','00000000','5803042556598','한길동','0101231234',NULL,NULL,NULL,NULL,NULL),('0000001106','2022-08-31 16:07:56','00000000','7112291194574','염길동','0101231234',NULL,NULL,NULL,NULL,NULL),('0000001107','2022-08-31 16:07:56','00000000','8901262188245','진길동','0101231234',NULL,NULL,NULL,NULL,NULL),('0000001108','2022-08-31 16:07:56','00000000','6211221337573','차길동','0101231234',NULL,NULL,NULL,NULL,NULL),('0000001109','2022-08-31 16:07:56','00000000','9311151162294','묘길동','0101231234',NULL,NULL,NULL,NULL,NULL),('0000001110','2022-08-31 16:07:56','00000000','6712071628946','애길동','0101231234',NULL,NULL,NULL,NULL,NULL),('0000001111','2022-08-31 16:07:56','00000000','8511091935343','가길동','0101231234',NULL,NULL,NULL,NULL,NULL),('0000001112','2022-08-31 16:07:56','00000000','6711171455976','운길동','0101231234',NULL,NULL,NULL,NULL,NULL),('0000001113','2022-08-31 16:07:56','00000000','7601262489836','화길동','0101231234',NULL,NULL,NULL,NULL,NULL),('0000001114','2022-08-31 16:07:56','00000000','8611272715439','차길동','0101231234',NULL,NULL,NULL,NULL,NULL),('0000001115','2022-08-31 16:07:56','00000000','5611072226922','연길동','0101231234',NULL,NULL,NULL,NULL,NULL),('0000001116','2022-08-31 16:07:56','00000000','8711031253167','간길동','0101231234',NULL,NULL,NULL,NULL,NULL),('0000001117','2022-08-31 16:07:56','00000000','9612292761686','남길동','0101231234',NULL,NULL,NULL,NULL,NULL),('0000001118','2022-08-31 16:07:56','00000000','6711281874688','순길동','0101231234',NULL,NULL,NULL,NULL,NULL),('0000001119','2022-08-31 16:07:56','00000000','7611222975717','묘길동','0101231234',NULL,NULL,NULL,NULL,NULL),('0000001120','2022-08-31 16:07:56','00000000','8812252111598','심길동','0101231234',NULL,NULL,NULL,NULL,NULL),('0000001121','2022-08-31 16:07:56','00000000','8803082374493','선길동','0101231234',NULL,NULL,NULL,NULL,NULL),('0000001122','2022-08-31 16:07:56','00000000','7406051495239','야길동','0101231234',NULL,NULL,NULL,NULL,NULL),('0000001123','2022-08-31 16:07:56','00000000','9711221556313','후길동','0101231234',NULL,NULL,NULL,NULL,NULL),('0000001124','2022-08-31 16:07:56','00000000','5506172345827','강전길동','0101231234',NULL,NULL,NULL,NULL,NULL),('0000001125','2022-08-31 16:07:56','00000000','5511171589359','반길동','0101231234',NULL,NULL,NULL,NULL,NULL),('0000001126','2022-08-31 16:07:56','00000000','5111211339288','길길동','0101231234',NULL,NULL,NULL,NULL,NULL),('0000001127','2022-08-31 16:07:56','00000000','6711112558582','빈길동','0101231234',NULL,NULL,NULL,NULL,NULL),('0000001128','2022-08-31 16:07:56','00000000','5411182945534','뇌길동','0101231234',NULL,NULL,NULL,NULL,NULL),('0000001129','2022-08-31 16:07:56','00000000','1911284118837','함길동','0101231234',NULL,NULL,NULL,NULL,NULL),('0000001130','2022-08-31 16:07:56','00000000','8011151586314','육길동','0101231234',NULL,NULL,NULL,NULL,NULL),('0000001131','2022-08-31 16:07:56','00000000','6402131959582','우길동','0101231234',NULL,NULL,NULL,NULL,NULL),('0000001132','2022-08-31 16:07:56','00000000','6411072242387','궁길동','0101231234',NULL,NULL,NULL,NULL,NULL),('0000001133','2022-08-31 16:07:56','00000000','7211182726993','공길동','0101231234',NULL,NULL,NULL,NULL,NULL),('0000001134','2022-08-31 16:07:56','00000000','8412082936729','운길동','0101231234',NULL,NULL,NULL,NULL,NULL),('0000001135','2022-08-31 16:07:56','00000000','8412092349687','맹길동','0101231234',NULL,NULL,NULL,NULL,NULL),('0000001136','2022-08-31 16:07:56','00000000','7812142558211','호길동','0101231234',NULL,NULL,NULL,NULL,NULL),('0000001137','2022-08-31 16:07:56','00000000','1512184686335','계길동','0101231234',NULL,NULL,NULL,NULL,NULL),('0000001138','2022-08-31 16:07:56','00000000','5612271997181','사길동','0101231234',NULL,NULL,NULL,NULL,NULL),('0000001139','2022-08-31 16:07:56','00000000','7003272339199','최길동','0101231234',NULL,NULL,NULL,NULL,NULL),('0000001140','2022-08-31 16:07:56','00000000','6611031949547','방길동','0101231234',NULL,NULL,NULL,NULL,NULL),('0000001141','2022-08-31 16:07:56','00000000','8211091368822','궉길동','0101231234',NULL,NULL,NULL,NULL,NULL),('0000001142','2022-08-31 16:07:56','00000000','5506232767952','양길동','0101231234',NULL,NULL,NULL,NULL,NULL),('0000001143','2022-08-31 16:07:56','00000000','7911292924752','옥길동','0101231234',NULL,NULL,NULL,NULL,NULL),('0000001144','2022-08-31 16:07:56','00000000','8011132476583','정길동','0101231234',NULL,NULL,NULL,NULL,NULL),('0000001145','2022-08-31 16:07:56','00000000','5112282845428','운길동','0101231234',NULL,NULL,NULL,NULL,NULL),('0000001146','2022-08-31 16:07:56','00000000','8411061469463','승길동','0101231234',NULL,NULL,NULL,NULL,NULL),('0000001147','2022-08-31 16:07:56','00000000','9005241932194','갈길동','0101231234',NULL,NULL,NULL,NULL,NULL),('0000001148','2022-08-31 16:07:56','00000000','5312241963898','진길동','0101231234',NULL,NULL,NULL,NULL,NULL),('0000001149','2022-08-31 16:07:56','00000000','6312112181512','옹길동','0101231234',NULL,NULL,NULL,NULL,NULL),('0000001150','2022-08-31 16:07:56','00000000','7208232698584','임길동','0101231234',NULL,NULL,NULL,NULL,NULL),('0000001151','2022-08-31 16:07:56','00000000','8112022235385','해길동','0101231234',NULL,NULL,NULL,NULL,NULL),('0000001152','2022-08-31 16:07:56','00000000','5301051722713','뇌길동','0101231234',NULL,NULL,NULL,NULL,NULL),('0000001153','2022-08-31 16:07:56','00000000','9011251537157','묵길동','0101231234',NULL,NULL,NULL,NULL,NULL),('0000001154','2022-08-31 16:07:56','00000000','7504042643388','우길동','0101231234',NULL,NULL,NULL,NULL,NULL),('0000001155','2022-08-31 16:07:56','00000000','5705291974382','장길동','0101231234',NULL,NULL,NULL,NULL,NULL),('0000001156','2022-08-31 16:07:56','00000000','9311151752473','장길동','0101231234',NULL,NULL,NULL,NULL,NULL),('0000001157','2022-08-31 16:07:56','00000000','5801021598141','초길동','0101231234',NULL,NULL,NULL,NULL,NULL),('0000001158','2022-08-31 16:07:56','00000000','7704031655121','십길동','0101231234',NULL,NULL,NULL,NULL,NULL),('0000001159','2022-08-31 16:07:56','00000000','1712244363987','선우길동','0101231234',NULL,NULL,NULL,NULL,NULL),('0000001160','2022-08-31 16:07:56','00000000','8312252285931','금길동','0101231234',NULL,NULL,NULL,NULL,NULL),('0000001161','2022-08-31 16:07:56','00000000','9302012869354','수길동','0101231234',NULL,NULL,NULL,NULL,NULL),('0000001162','2022-08-31 16:07:56','00000000','5002122352144','승길동','0101231234',NULL,NULL,NULL,NULL,NULL),('0000001163','2022-08-31 16:07:56','00000000','7411122323465','마길동','0101231234',NULL,NULL,NULL,NULL,NULL),('0000001164','2022-08-31 16:07:56','00000000','8012231679362','묘길동','0101231234',NULL,NULL,NULL,NULL,NULL),('0000001165','2022-08-31 16:07:56','00000000','9408172553197','여길동','0101231234',NULL,NULL,NULL,NULL,NULL),('0000001166','2022-08-31 16:07:56','00000000','7511152494682','호길동','0101231234',NULL,NULL,NULL,NULL,NULL),('0000001167','2022-08-31 16:07:56','00000000','1711254194452','류길동','0101231234',NULL,NULL,NULL,NULL,NULL),('0000001168','2022-08-31 16:07:56','00000000','7404272869619','차길동','0101231234',NULL,NULL,NULL,NULL,NULL),('0000001169','2022-08-31 16:07:56','00000000','7512242541653','채길동','0101231234',NULL,NULL,NULL,NULL,NULL),('0000001170','2022-08-31 16:07:56','00000000','6011242763364','맹길동','0101231234',NULL,NULL,NULL,NULL,NULL),('0000001171','2022-08-31 16:07:56','00000000','5412041725598','단길동','0101231234',NULL,NULL,NULL,NULL,NULL),('0000001172','2022-08-31 16:07:56','00000000','7812261115284','소길동','0101231234',NULL,NULL,NULL,NULL,NULL),('0000001173','2022-08-31 16:07:56','00000000','1412164178548','박길동','0101231234',NULL,NULL,NULL,NULL,NULL),('0000001174','2022-08-31 16:07:56','00000000','5512261824584','감길동','0101231234',NULL,NULL,NULL,NULL,NULL),('0000001175','2022-08-31 16:07:56','00000000','8012242378672','점길동','0101231234',NULL,NULL,NULL,NULL,NULL),('0000001176','2022-08-31 16:07:56','00000000','9312041574433','초길동','0101231234',NULL,NULL,NULL,NULL,NULL),('0000001177','2022-08-31 16:07:56','00000000','7105151867451','제길동','0101231234',NULL,NULL,NULL,NULL,NULL),('0000001178','2022-08-31 16:07:56','00000000','9811132195535','빙길동','0101231234',NULL,NULL,NULL,NULL,NULL),('0000001179','2022-08-31 16:07:56','00000000','5612082184829','위길동','0101231234',NULL,NULL,NULL,NULL,NULL),('0000001180','2022-08-31 16:07:56','00000000','5308221461538','뇌길동','0101231234',NULL,NULL,NULL,NULL,NULL),('0000001181','2022-08-31 16:07:56','00000000','8909241754645','선우길동','0101231234',NULL,NULL,NULL,NULL,NULL),('0000001182','2022-08-31 16:07:56','00000000','6212212955691','신길동','0101231234',NULL,NULL,NULL,NULL,NULL),('0000001183','2022-08-31 16:07:56','00000000','5011092195223','이길동','0101231234',NULL,NULL,NULL,NULL,NULL),('0000001184','2022-08-31 16:07:56','00000000','5012022118627','내길동','0101231234',NULL,NULL,NULL,NULL,NULL),('0000001185','2022-08-31 16:07:56','00000000','6412211256848','도길동','0101231234',NULL,NULL,NULL,NULL,NULL),('0000001186','2022-08-31 16:07:56','00000000','6412221751893','탄길동','0101231234',NULL,NULL,NULL,NULL,NULL),('0000001187','2022-08-31 16:07:56','00000000','9303281653726','장곡길동','0101231234',NULL,NULL,NULL,NULL,NULL),('0000001188','2022-08-31 16:07:56','00000000','9812282427267','은길동','0101231234',NULL,NULL,NULL,NULL,NULL),('0000001189','2022-08-31 16:07:56','00000000','9412291691523','장길동','0101231234',NULL,NULL,NULL,NULL,NULL),('0000001190','2022-08-31 16:07:56','00000000','9611261469218','묵길동','0101231234',NULL,NULL,NULL,NULL,NULL),('0000001191','2022-08-31 16:07:56','00000000','6312121749951','단길동','0101231234',NULL,NULL,NULL,NULL,NULL),('0000001192','2022-08-31 16:07:56','00000000','7905082116987','심길동','0101231234',NULL,NULL,NULL,NULL,NULL),('0000001193','2022-08-31 16:07:56','00000000','1112224466592','순길동','0101231234',NULL,NULL,NULL,NULL,NULL),('0000001194','2022-08-31 16:07:56','00000000','9212141682596','두길동','0101231234',NULL,NULL,NULL,NULL,NULL),('0000001195','2022-08-31 16:07:56','00000000','6812141637191','당길동','0101231234',NULL,NULL,NULL,NULL,NULL),('0000001196','2022-08-31 16:07:56','00000000','5111031782456','옥길동','0101231234',NULL,NULL,NULL,NULL,NULL),('0000001197','2022-08-31 16:07:56','00000000','5805042527993','경길동','0101231234',NULL,NULL,NULL,NULL,NULL),('0000001198','2022-08-31 16:07:56','00000000','9408141365457','옹길동','0101231234',NULL,NULL,NULL,NULL,NULL),('0000001199','2022-08-31 16:07:56','00000000','7206291189875','구길동','0101231234',NULL,NULL,NULL,NULL,NULL),('0000001200','2022-08-31 16:07:56','00000000','5609012759239','빈길동','0101231234',NULL,NULL,NULL,NULL,NULL),('0000001201','2022-08-31 16:07:56','00000000','8911292736196','경길동','0101231234',NULL,NULL,NULL,NULL,NULL),('0000001202','2022-08-31 16:07:56','00000000','8612141827339','삼길동','0101231234',NULL,NULL,NULL,NULL,NULL),('0000001203','2022-08-31 16:07:56','00000000','7112092191721','온길동','0101231234',NULL,NULL,NULL,NULL,NULL),('0000001204','2022-08-31 16:07:56','00000000','1611154423269','사공길동','0101231234',NULL,NULL,NULL,NULL,NULL),('0000001205','2022-08-31 16:07:56','00000000','6512171241279','연길동','0101231234',NULL,NULL,NULL,NULL,NULL),('0000001206','2022-08-31 16:07:56','00000000','8402191521271','노길동','0101231234',NULL,NULL,NULL,NULL,NULL),('0000001207','2022-08-31 16:07:56','00000000','6605071261126','손길동','0101231234',NULL,NULL,NULL,NULL,NULL),('0000001208','2022-08-31 16:07:56','00000000','8109281383797','옥길동','0101231234',NULL,NULL,NULL,NULL,NULL),('0000001209','2022-08-31 16:07:56','00000000','7111192947554','킥役\Z','0101231234',NULL,NULL,NULL,NULL,NULL),('0000001210','2022-08-31 16:07:56','00000000','1807214443987','양길동','0101231234',NULL,NULL,NULL,NULL,NULL),('0000001211','2022-08-31 16:07:56','00000000','7003131923131','방길동','0101231234',NULL,NULL,NULL,NULL,NULL),('0000001212','2022-08-31 16:07:56','00000000','8011232411225','형길동','0101231234',NULL,NULL,NULL,NULL,NULL),('0000001213','2022-08-31 16:07:56','00000000','8911262167985','차길동','0101231234',NULL,NULL,NULL,NULL,NULL),('0000001214','2022-08-31 16:07:56','00000000','5311031621186','여길동','0101231234',NULL,NULL,NULL,NULL,NULL),('0000001215','2022-08-31 16:07:56','00000000','8911032743785','채길동','0101231234',NULL,NULL,NULL,NULL,NULL),('0000001216','2022-08-31 16:07:56','00000000','6412012619763','장곡길동','0101231234',NULL,NULL,NULL,NULL,NULL),('0000001217','2022-08-31 16:07:56','00000000','7211241749439','단길동','0101231234',NULL,NULL,NULL,NULL,NULL),('0000001218','2022-08-31 16:07:56','00000000','5911091731264','누길동','0101231234',NULL,NULL,NULL,NULL,NULL),('0000001219','2022-08-31 16:07:56','00000000','5111282852872','풍길동','0101231234',NULL,NULL,NULL,NULL,NULL),('0000001220','2022-08-31 16:07:56','00000000','5902031964557','춘길동','0101231234',NULL,NULL,NULL,NULL,NULL),('0000001221','2022-08-31 16:07:56','00000000','8011132737259','담길동','0101231234',NULL,NULL,NULL,NULL,NULL),('0000001222','2022-08-31 16:07:56','00000000','7412061185943','유길동','0101231234',NULL,NULL,NULL,NULL,NULL),('0000001223','2022-08-31 16:07:56','00000000','7311162747723','야길동','0101231234',NULL,NULL,NULL,NULL,NULL),('0000001224','2022-08-31 16:07:56','00000000','6011012324349','장곡길동','0101231234',NULL,NULL,NULL,NULL,NULL),('0000001225','2022-08-31 16:07:56','00000000','7612111972176','소길동','0101231234',NULL,NULL,NULL,NULL,NULL),('0000001226','2022-08-31 16:07:56','00000000','7712121969146','엽길동','0101231234',NULL,NULL,NULL,NULL,NULL),('0000001227','2022-08-31 16:07:56','00000000','7012091243582','미길동','0101231234',NULL,NULL,NULL,NULL,NULL),('0000001228','2022-08-31 16:07:56','00000000','6309162843653','후길동','0101231234',NULL,NULL,NULL,NULL,NULL),('0000001229','2022-08-31 16:07:56','00000000','9512051962718','학길동','0101231234',NULL,NULL,NULL,NULL,NULL),('0000001230','2022-08-31 16:07:56','00000000','6312132354968','운길동','0101231234',NULL,NULL,NULL,NULL,NULL),('0000001231','2022-08-31 16:07:56','00000000','7909081786686','제길동','0101231234',NULL,NULL,NULL,NULL,NULL),('0000001232','2022-08-31 16:07:56','00000000','1105053397616','길길동','0101231234',NULL,NULL,NULL,NULL,NULL),('0000001233','2022-08-31 16:07:56','00000000','7208212942754','난길동','0101231234',NULL,NULL,NULL,NULL,NULL),('0000001234','2022-08-31 16:07:56','00000000','5512022832491','삼길동','0101231234',NULL,NULL,NULL,NULL,NULL),('0000001235','2022-08-31 16:07:56','00000000','5412031754342','신길동','0101231234',NULL,NULL,NULL,NULL,NULL),('0000001236','2022-08-31 16:07:56','00000000','9705241694969','반길동','0101231234',NULL,NULL,NULL,NULL,NULL),('0000001237','2022-08-31 16:07:56','00000000','8911242878929','은길동','0101231234',NULL,NULL,NULL,NULL,NULL),('0000001238','2022-08-31 16:07:56','00000000','6712121437473','지길동','0101231234',NULL,NULL,NULL,NULL,NULL),('0000001239','2022-08-31 16:07:56','00000000','1812174197191','어금길동','0101231234',NULL,NULL,NULL,NULL,NULL),('0000001240','2022-08-31 16:07:56','00000000','6711052359596','주길동','0101231234',NULL,NULL,NULL,NULL,NULL),('0000001241','2022-08-31 16:07:56','00000000','6904172183161','팽길동','0101231234',NULL,NULL,NULL,NULL,NULL),('0000001242','2022-08-31 16:07:56','00000000','5912212693578','도길동','0101231234',NULL,NULL,NULL,NULL,NULL),('0000001243','2022-08-31 16:07:56','00000000','6811211857229','사길동','0101231234',NULL,NULL,NULL,NULL,NULL),('0000001244','2022-08-31 16:07:56','00000000','7812022877885','양길동','0101231234',NULL,NULL,NULL,NULL,NULL),('0000001245','2022-08-31 16:07:56','00000000','6004231564865','범길동','0101231234',NULL,NULL,NULL,NULL,NULL),('0000001246','2022-08-31 16:07:56','00000000','5403191213673','담길동','0101231234',NULL,NULL,NULL,NULL,NULL),('0000001247','2022-08-31 16:07:56','00000000','5312211811396','강길동','0101231234',NULL,NULL,NULL,NULL,NULL),('0000001248','2022-08-31 16:07:56','00000000','5803261836496','사공길동','0101231234',NULL,NULL,NULL,NULL,NULL),('0000001249','2022-08-31 16:07:56','00000000','5411091766988','화길동','0101231234',NULL,NULL,NULL,NULL,NULL),('0000001250','2022-08-31 16:07:56','00000000','5011182945711','국길동','0101231234',NULL,NULL,NULL,NULL,NULL),('0000001251','2022-08-31 16:07:56','00000000','5211081177581','양길동','0101231234',NULL,NULL,NULL,NULL,NULL),('0000001252','2022-08-31 16:07:56','00000000','8912212559334','두길동','0101231234',NULL,NULL,NULL,NULL,NULL),('0000001253','2022-08-31 16:07:56','00000000','7902291986644','신길동','0101231234',NULL,NULL,NULL,NULL,NULL),('0000001254','2022-08-31 16:07:56','00000000','6804251739735','채길동','0101231234',NULL,NULL,NULL,NULL,NULL),('0000001255','2022-08-31 16:07:56','00000000','5312232567929','서문길동','0101231234',NULL,NULL,NULL,NULL,NULL),('0000001256','2022-08-31 16:07:56','00000000','7712261888846','곡길동','0101231234',NULL,NULL,NULL,NULL,NULL),('0000001257','2022-08-31 16:07:56','00000000','6906241723875','사길동','0101231234',NULL,NULL,NULL,NULL,NULL),('0000001258','2022-08-31 16:07:56','00000000','6112021156681','강길동','0101231234',NULL,NULL,NULL,NULL,NULL),('0000001259','2022-08-31 16:07:56','00000000','9012111977861','송길동','0101231234',NULL,NULL,NULL,NULL,NULL),('0000001260','2022-08-31 16:07:56','00000000','6106151364398','계길동','0101231234',NULL,NULL,NULL,NULL,NULL),('0000001261','2022-08-31 16:07:56','00000000','8406082767113','천길동','0101231234',NULL,NULL,NULL,NULL,NULL),('0000001262','2022-08-31 16:07:56','00000000','5312182725479','임길동','0101231234',NULL,NULL,NULL,NULL,NULL),('0000001263','2022-08-31 16:07:56','00000000','6707022679962','전길동','0101231234',NULL,NULL,NULL,NULL,NULL),('0000001264','2022-08-31 16:07:56','00000000','7106131611953','서길동','0101231234',NULL,NULL,NULL,NULL,NULL),('0000001265','2022-08-31 16:07:56','00000000','9111021184293','곽길동','0101231234',NULL,NULL,NULL,NULL,NULL),('0000001266','2022-08-31 16:07:56','00000000','7611152738744','채길동','0101231234',NULL,NULL,NULL,NULL,NULL),('0000001267','2022-08-31 16:07:56','00000000','5901082367563','초길동','0101231234',NULL,NULL,NULL,NULL,NULL),('0000001268','2022-08-31 16:07:56','00000000','9012112875374','강길동','0101231234',NULL,NULL,NULL,NULL,NULL),('0000001269','2022-08-31 16:07:56','00000000','1206063245267','윤길동','0101231234',NULL,NULL,NULL,NULL,NULL),('0000001270','2022-08-31 16:07:56','00000000','9211032926872','도길동','0101231234',NULL,NULL,NULL,NULL,NULL),('0000001271','2022-08-31 16:07:56','00000000','6301042981859','국길동','0101231234',NULL,NULL,NULL,NULL,NULL),('0000001272','2022-08-31 16:07:56','00000000','8911291994259','영길동','0101231234',NULL,NULL,NULL,NULL,NULL),('0000001273','2022-08-31 16:07:56','00000000','1511073855899','나길동','0101231234',NULL,NULL,NULL,NULL,NULL),('0000001274','2022-08-31 16:07:56','00000000','5212031658514','지길동','0101231234',NULL,NULL,NULL,NULL,NULL),('0000001275','2022-08-31 16:07:56','00000000','1811274186257','두길동','0101231234',NULL,NULL,NULL,NULL,NULL),('0000001276','2022-08-31 16:07:56','00000000','7612172562432','국길동','0101231234',NULL,NULL,NULL,NULL,NULL),('0000001277','2022-08-31 16:07:56','00000000','9304092956653','군길동','0101231234',NULL,NULL,NULL,NULL,NULL),('0000001278','2022-08-31 16:07:56','00000000','7611291741285','견길동','0101231234',NULL,NULL,NULL,NULL,NULL),('0000001279','2022-08-31 16:07:56','00000000','9907172519441','영길동','0101231234',NULL,NULL,NULL,NULL,NULL),('0000001280','2022-08-31 16:07:56','00000000','8301052943553','돈길동','0101231234',NULL,NULL,NULL,NULL,NULL),('0000001281','2022-08-31 16:07:56','00000000','5911021788757','황보길동','0101231234',NULL,NULL,NULL,NULL,NULL),('0000001282','2022-08-31 16:07:56','00000000','8911142769311','기길동','0101231234',NULL,NULL,NULL,NULL,NULL),('0000001283','2022-08-31 16:07:56','00000000','9412131157444','경길동','0101231234',NULL,NULL,NULL,NULL,NULL),('0000001284','2022-08-31 16:07:56','00000000','8812252986186','원길동','0101231234',NULL,NULL,NULL,NULL,NULL),('0000001285','2022-08-31 16:07:56','00000000','9012092715857','만길동','0101231234',NULL,NULL,NULL,NULL,NULL),('0000001286','2022-08-31 16:07:56','00000000','6512062933451','순길동','0101231234',NULL,NULL,NULL,NULL,NULL),('0000001287','2022-08-31 16:07:56','00000000','7806221427462','방길동','0101231234',NULL,NULL,NULL,NULL,NULL),('0000001288','2022-08-31 16:07:56','00000000','8002081931346','반길동','0101231234',NULL,NULL,NULL,NULL,NULL),('0000001289','2022-08-31 16:07:56','00000000','8912211866624','음길동','0101231234',NULL,NULL,NULL,NULL,NULL),('0000001290','2022-08-31 16:07:56','00000000','6603121113897','평길동','0101231234',NULL,NULL,NULL,NULL,NULL),('0000001291','2022-08-31 16:07:56','00000000','6112181382522','나길동','0101231234',NULL,NULL,NULL,NULL,NULL),('0000001292','2022-08-31 16:07:56','00000000','7212122266377','매길동','0101231234',NULL,NULL,NULL,NULL,NULL),('0000001293','2022-08-31 16:07:56','00000000','7512111774822','강길동','0101231234',NULL,NULL,NULL,NULL,NULL),('0000001294','2022-08-31 16:07:56','00000000','9211161447857','탄길동','0101231234',NULL,NULL,NULL,NULL,NULL),('0000001295','2022-08-31 16:07:56','00000000','5511161612491','변길동','0101231234',NULL,NULL,NULL,NULL,NULL),('0000001296','2022-08-31 16:07:56','00000000','7911082964963','수길동','0101231234',NULL,NULL,NULL,NULL,NULL),('0000001297','2022-08-31 16:07:56','00000000','6001011166712','설길동','0101231234',NULL,NULL,NULL,NULL,NULL),('0000001298','2022-08-31 16:07:56','00000000','8001081822824','교길동','0101231234',NULL,NULL,NULL,NULL,NULL),('0000001299','2022-08-31 16:07:56','00000000','7712041874417','국길동','0101231234',NULL,NULL,NULL,NULL,NULL),('0000001300','2022-08-31 16:07:56','00000000','5211051652914','강길동','0101231234',NULL,NULL,NULL,NULL,NULL),('0000001301','2022-08-31 16:07:56','00000000','8409172994413','소길동','0101231234',NULL,NULL,NULL,NULL,NULL),('0000001302','2022-08-31 16:07:56','00000000','7112252216479','낭길동','0101231234',NULL,NULL,NULL,NULL,NULL),('0000001303','2022-08-31 16:07:56','00000000','9312291866427','궁길동','0101231234',NULL,NULL,NULL,NULL,NULL),('0000001304','2022-08-31 16:07:56','00000000','8712031222377','섭길동','0101231234',NULL,NULL,NULL,NULL,NULL),('0000001305','2022-08-31 16:07:56','00000000','8512131481384','돈길동','0101231234',NULL,NULL,NULL,NULL,NULL),('0000001306','2022-08-31 16:07:56','00000000','7511272723857','삼길동','0101231234',NULL,NULL,NULL,NULL,NULL),('0000001307','2022-08-31 16:07:56','00000000','7511152536116','채길동','0101231234',NULL,NULL,NULL,NULL,NULL),('0000001308','2022-08-31 16:07:56','00000000','5503042264971','운길동','0101231234',NULL,NULL,NULL,NULL,NULL),('0000001309','2022-08-31 16:07:56','00000000','7412032523997','전길동','0101231234',NULL,NULL,NULL,NULL,NULL),('0000001310','2022-08-31 16:07:56','00000000','9904252685615','성길동','0101231234',NULL,NULL,NULL,NULL,NULL),('0000001311','2022-08-31 16:07:56','00000000','7411152451438','엽길동','0101231234',NULL,NULL,NULL,NULL,NULL),('0000001312','2022-08-31 16:07:56','00000000','5612272881984','부길동','0101231234',NULL,NULL,NULL,NULL,NULL),('0000001313','2022-08-31 16:07:56','00000000','9909082947716','초길동','0101231234',NULL,NULL,NULL,NULL,NULL),('0000001314','2022-08-31 16:07:56','00000000','7911031276668','순길동','0101231234',NULL,NULL,NULL,NULL,NULL),('0000001315','2022-08-31 16:07:56','00000000','5612222263461','팽길동','0101231234',NULL,NULL,NULL,NULL,NULL),('0000001316','2022-08-31 16:07:56','00000000','8711142767699','애길동','0101231234',NULL,NULL,NULL,NULL,NULL),('0000001317','2022-08-31 16:07:56','00000000','8711152176629','차길동','0101231234',NULL,NULL,NULL,NULL,NULL),('0000001318','2022-08-31 16:07:56','00000000','5411192396299','예길동','0101231234',NULL,NULL,NULL,NULL,NULL),('0000001319','2022-08-31 16:07:56','00000000','9702051341483','순길동','0101231234',NULL,NULL,NULL,NULL,NULL),('0000001320','2022-08-31 16:07:56','00000000','7408051944879','내길동','0101231234',NULL,NULL,NULL,NULL,NULL),('0000001321','2022-08-31 16:07:56','00000000','7911212516754','종길동','0101231234',NULL,NULL,NULL,NULL,NULL),('0000001322','2022-08-31 16:07:56','00000000','7012222636948','맹길동','0101231234',NULL,NULL,NULL,NULL,NULL),('0000001323','2022-08-31 16:07:56','00000000','8712112867396','증길동','0101231234',NULL,NULL,NULL,NULL,NULL),('0000001324','2022-08-31 16:07:56','00000000','7912222587869','삼길동','0101231234',NULL,NULL,NULL,NULL,NULL),('0000001325','2022-08-31 16:07:56','00000000','9012132611778','허길동','0101231234',NULL,NULL,NULL,NULL,NULL),('0000001326','2022-08-31 16:07:56','00000000','6611292148652','상길동','0101231234',NULL,NULL,NULL,NULL,NULL),('0000001327','2022-08-31 16:07:56','00000000','7011011874293','함길동','0101231234',NULL,NULL,NULL,NULL,NULL),('0000001328','2022-08-31 16:07:56','00000000','1911144255442','팽길동','0101231234',NULL,NULL,NULL,NULL,NULL),('0000001329','2022-08-31 16:07:56','00000000','1303053433855','영길동','0101231234',NULL,NULL,NULL,NULL,NULL),('0000001330','2022-08-31 16:07:56','00000000','9211061287712','호길동','0101231234',NULL,NULL,NULL,NULL,NULL),('0000001331','2022-08-31 16:07:56','00000000','8411251273168','간길동','0101231234',NULL,NULL,NULL,NULL,NULL),('0000001332','2022-08-31 16:07:56','00000000','8311112382844','마길동','0101231234',NULL,NULL,NULL,NULL,NULL),('0000001333','2022-08-31 16:07:56','00000000','8412032642987','빙길동','0101231234',NULL,NULL,NULL,NULL,NULL),('0000001334','2022-08-31 16:07:56','00000000','9111291285975','탁길동','0101231234',NULL,NULL,NULL,NULL,NULL),('0000001335','2022-08-31 16:07:56','00000000','5701192676925','주길동','0101231234',NULL,NULL,NULL,NULL,NULL),('0000001336','2022-08-31 16:07:56','00000000','9112181298473','태길동','0101231234',NULL,NULL,NULL,NULL,NULL),('0000001337','2022-08-31 16:07:56','00000000','6107032695942','돈길동','0101231234',NULL,NULL,NULL,NULL,NULL),('0000001338','2022-08-31 16:07:56','00000000','7412092896115','여길동','0101231234',NULL,NULL,NULL,NULL,NULL),('0000001339','2022-08-31 16:07:56','00000000','5306261136343','후길동','0101231234',NULL,NULL,NULL,NULL,NULL),('0000001340','2022-08-31 16:07:56','00000000','9012171312276','영길동','0101231234',NULL,NULL,NULL,NULL,NULL),('0000001341','2022-08-31 16:07:56','00000000','6912041779911','시길동','0101231234',NULL,NULL,NULL,NULL,NULL),('0000001342','2022-08-31 16:07:56','00000000','7312011917689','주길동','0101231234',NULL,NULL,NULL,NULL,NULL),('0000001343','2022-08-31 16:07:56','00000000','6212251376997','조길동','0101231234',NULL,NULL,NULL,NULL,NULL),('0000001344','2022-08-31 16:07:56','00000000','7512141218292','구길동','0101231234',NULL,NULL,NULL,NULL,NULL),('0000001345','2022-08-31 16:07:56','00000000','9812051484431','장곡길동','0101231234',NULL,NULL,NULL,NULL,NULL),('0000001346','2022-08-31 16:07:56','00000000','6612022297919','간길동','0101231234',NULL,NULL,NULL,NULL,NULL),('0000001347','2022-08-31 16:07:56','00000000','8612091293474','동길동','0101231234',NULL,NULL,NULL,NULL,NULL),('0000001348','2022-08-31 16:07:56','00000000','5411132442482','내길동','0101231234',NULL,NULL,NULL,NULL,NULL),('0000001349','2022-08-31 16:07:56','00000000','7211031252153','성길동','0101231234',NULL,NULL,NULL,NULL,NULL),('0000001350','2022-08-31 16:07:56','00000000','9512271993314','박길동','0101231234',NULL,NULL,NULL,NULL,NULL),('0000001351','2022-08-31 16:07:56','00000000','7903171649854','서문길동','0101231234',NULL,NULL,NULL,NULL,NULL),('0000001352','2022-08-31 16:07:56','00000000','5902232438229','어금길동','0101231234',NULL,NULL,NULL,NULL,NULL),('0000001353','2022-08-31 16:07:56','00000000','8711161919687','저길동','0101231234',NULL,NULL,NULL,NULL,NULL),('0000001354','2022-08-31 16:07:56','00000000','6011122754493','천길동','0101231234',NULL,NULL,NULL,NULL,NULL),('0000001355','2022-08-31 16:07:56','00000000','8805021215735','유길동','0101231234',NULL,NULL,NULL,NULL,NULL),('0000001356','2022-08-31 16:07:56','00000000','6703262778527','맹길동','0101231234',NULL,NULL,NULL,NULL,NULL),('0000001357','2022-08-31 16:07:56','00000000','8307062644448','뇌길동','0101231234',NULL,NULL,NULL,NULL,NULL),('0000001358','2022-08-31 16:07:56','00000000','8512292343666','범길동','0101231234',NULL,NULL,NULL,NULL,NULL),('0000001359','2022-08-31 16:07:56','00000000','5611292781259','강길동','0101231234',NULL,NULL,NULL,NULL,NULL),('0000001360','2022-08-31 16:07:56','00000000','8312062545617','허길동','0101231234',NULL,NULL,NULL,NULL,NULL),('0000001361','2022-08-31 16:07:56','00000000','8112191185792','가길동','0101231234',NULL,NULL,NULL,NULL,NULL),('0000001362','2022-08-31 16:07:56','00000000','9108121715128','아길동','0101231234',NULL,NULL,NULL,NULL,NULL),('0000001363','2022-08-31 16:07:56','00000000','6602022145866','감길동','0101231234',NULL,NULL,NULL,NULL,NULL),('0000001364','2022-08-31 16:07:56','00000000','1104033162923','순길동','0101231234',NULL,NULL,NULL,NULL,NULL),('0000001365','2022-08-31 16:07:56','00000000','7912062173846','즙길동','0101231234',NULL,NULL,NULL,NULL,NULL),('0000001366','2022-08-31 16:07:56','00000000','6209251373265','기길동','0101231234',NULL,NULL,NULL,NULL,NULL),('0000001367','2022-08-31 16:07:56','00000000','8411011758587','추길동','0101231234',NULL,NULL,NULL,NULL,NULL),('0000001368','2022-08-31 16:07:56','00000000','9404181251966','부길동','0101231234',NULL,NULL,NULL,NULL,NULL),('0000001369','2022-08-31 16:07:56','00000000','8611162121696','소봉길동','0101231234',NULL,NULL,NULL,NULL,NULL),('0000001370','2022-08-31 16:07:56','00000000','9611191336986','순길동','0101231234',NULL,NULL,NULL,NULL,NULL),('0000001371','2022-08-31 16:07:56','00000000','8209271734491','뇌길동','0101231234',NULL,NULL,NULL,NULL,NULL),('0000001372','2022-08-31 16:07:56','00000000','6111242719647','빙길동','0101231234',NULL,NULL,NULL,NULL,NULL),('0000001373','2022-08-31 16:07:56','00000000','5611252263329','순길동','0101231234',NULL,NULL,NULL,NULL,NULL),('0000001374','2022-08-31 16:07:56','00000000','6206132522916','양길동','0101231234',NULL,NULL,NULL,NULL,NULL),('0000001375','2022-08-31 16:07:56','00000000','9712192386133','방길동','0101231234',NULL,NULL,NULL,NULL,NULL),('0000001376','2022-08-31 16:07:56','00000000','9811262494231','하길동','0101231234',NULL,NULL,NULL,NULL,NULL),('0000001377','2022-08-31 16:07:56','00000000','7411162697265','왕길동','0101231234',NULL,NULL,NULL,NULL,NULL),('0000001378','2022-08-31 16:07:56','00000000','9611181415254','부길동','0101231234',NULL,NULL,NULL,NULL,NULL),('0000001379','2022-08-31 16:07:56','00000000','8311081288252','반길동','0101231234',NULL,NULL,NULL,NULL,NULL),('0000001380','2022-08-31 16:07:56','00000000','8812082246351','종길동','0101231234',NULL,NULL,NULL,NULL,NULL),('0000001381','2022-08-31 16:07:56','00000000','9412051153543','누길동','0101231234',NULL,NULL,NULL,NULL,NULL),('0000001382','2022-08-31 16:07:56','00000000','9711152294575','송길동','0101231234',NULL,NULL,NULL,NULL,NULL),('0000001383','2022-08-31 16:07:56','00000000','9012242495736','임길동','0101231234',NULL,NULL,NULL,NULL,NULL),('0000001384','2022-08-31 16:07:56','00000000','6412221241533','염길동','0101231234',NULL,NULL,NULL,NULL,NULL),('0000001385','2022-08-31 16:07:56','00000000','8112122141423','마길동','0101231234',NULL,NULL,NULL,NULL,NULL),('0000001386','2022-08-31 16:07:56','00000000','8811131348899','기길동','0101231234',NULL,NULL,NULL,NULL,NULL),('0000001387','2022-08-31 16:07:56','00000000','5001131334123','구길동','0101231234',NULL,NULL,NULL,NULL,NULL),('0000001388','2022-08-31 16:07:56','00000000','5511292169541','한길동','0101231234',NULL,NULL,NULL,NULL,NULL),('0000001389','2022-08-31 16:07:56','00000000','8612291664318','염길동','0101231234',NULL,NULL,NULL,NULL,NULL),('0000001390','2022-08-31 16:07:56','00000000','9001022426472','국길동','0101231234',NULL,NULL,NULL,NULL,NULL),('0000001391','2022-08-31 16:07:56','00000000','9212152312911','박길동','0101231234',NULL,NULL,NULL,NULL,NULL),('0000001392','2022-08-31 16:07:56','00000000','8206142675184','우길동','0101231234',NULL,NULL,NULL,NULL,NULL),('0000001393','2022-08-31 16:07:56','00000000','8602061795567','서길동','0101231234',NULL,NULL,NULL,NULL,NULL),('0000001394','2022-08-31 16:07:56','00000000','9011032236439','석길동','0101231234',NULL,NULL,NULL,NULL,NULL),('0000001395','2022-08-31 16:07:56','00000000','7112141214237','가길동','0101231234',NULL,NULL,NULL,NULL,NULL),('0000001396','2022-08-31 16:07:56','00000000','7011142832953','손길동','0101231234',NULL,NULL,NULL,NULL,NULL),('0000001397','2022-08-31 16:07:56','00000000','7711091875865','빈길동','0101231234',NULL,NULL,NULL,NULL,NULL),('0000001398','2022-08-31 16:07:56','00000000','9511112835467','근길동','0101231234',NULL,NULL,NULL,NULL,NULL),('0000001399','2022-08-31 16:07:56','00000000','6905032119374','선우길동','0101231234',NULL,NULL,NULL,NULL,NULL),('0000001400','2022-08-31 16:07:56','00000000','5312111165862','만길동','0101231234',NULL,NULL,NULL,NULL,NULL),('0000001401','2022-08-31 16:07:56','00000000','9311122876724','즙길동','0101231234',NULL,NULL,NULL,NULL,NULL),('0000001402','2022-08-31 16:07:56','00000000','1812013544267','섭길동','0101231234',NULL,NULL,NULL,NULL,NULL),('0000001403','2022-08-31 16:07:56','00000000','5911062287746','돈길동','0101231234',NULL,NULL,NULL,NULL,NULL),('0000001404','2022-08-31 16:07:56','00000000','1505023698419','강전길동','0101231234',NULL,NULL,NULL,NULL,NULL),('0000001405','2022-08-31 16:07:56','00000000','9911141847567','정길동','0101231234',NULL,NULL,NULL,NULL,NULL),('0000001406','2022-08-31 16:07:56','00000000','5102042646552','정길동','0101231234',NULL,NULL,NULL,NULL,NULL),('0000001407','2022-08-31 16:07:56','00000000','7611092137383','허길동','0101231234',NULL,NULL,NULL,NULL,NULL),('0000001408','2022-08-31 16:07:56','00000000','5412082757946','전길동','0101231234',NULL,NULL,NULL,NULL,NULL),('0000001409','2022-08-31 16:07:56','00000000','9212141872872','전길동','0101231234',NULL,NULL,NULL,NULL,NULL),('0000001410','2022-08-31 16:07:56','00000000','1111174731346','주길동','0101231234',NULL,NULL,NULL,NULL,NULL),('0000001411','2022-08-31 16:07:56','00000000','5711112212354','은길동','0101231234',NULL,NULL,NULL,NULL,NULL),('0000001412','2022-08-31 16:07:56','00000000','7311272171361','유길동','0101231234',NULL,NULL,NULL,NULL,NULL),('0000001413','2022-08-31 16:07:56','00000000','5412191566714','류길동','0101231234',NULL,NULL,NULL,NULL,NULL),('0000001414','2022-08-31 16:07:56','00000000','7612171879482','원길동','0101231234',NULL,NULL,NULL,NULL,NULL),('0000001415','2022-08-31 16:07:56','00000000','6811052654474','이길동','0101231234',NULL,NULL,NULL,NULL,NULL),('0000001416','2022-08-31 16:07:56','00000000','8604121879958','소봉길동','0101231234',NULL,NULL,NULL,NULL,NULL),('0000001417','2022-08-31 16:07:56','00000000','9411222536312','경길동','0101231234',NULL,NULL,NULL,NULL,NULL),('0000001418','2022-08-31 16:07:56','00000000','8502291885888','점길동','0101231234',NULL,NULL,NULL,NULL,NULL),('0000001419','2022-08-31 16:07:56','00000000','8711191489884','임길동','0101231234',NULL,NULL,NULL,NULL,NULL),('0000001420','2022-08-31 16:07:56','00000000','6312161366959','증길동','0101231234',NULL,NULL,NULL,NULL,NULL),('0000001421','2022-08-31 16:07:56','00000000','9308241333366','사길동','0101231234',NULL,NULL,NULL,NULL,NULL),('0000001422','2022-08-31 16:07:56','00000000','9312231929266','두길동','0101231234',NULL,NULL,NULL,NULL,NULL),('0000001423','2022-08-31 16:07:56','00000000','8311242923913','해길동','0101231234',NULL,NULL,NULL,NULL,NULL),('0000001424','2022-08-31 16:07:56','00000000','9912071295234','이길동','0101231234',NULL,NULL,NULL,NULL,NULL),('0000001425','2022-08-31 16:07:56','00000000','1909133645428','변길동','0101231234',NULL,NULL,NULL,NULL,NULL),('0000001426','2022-08-31 16:07:56','00000000','5404241674749','궁길동','0101231234',NULL,NULL,NULL,NULL,NULL),('0000001427','2022-08-31 16:07:56','00000000','8605041918553','이길동','0101231234',NULL,NULL,NULL,NULL,NULL),('0000001428','2022-08-31 16:07:56','00000000','9412261766676','궉길동','0101231234',NULL,NULL,NULL,NULL,NULL),('0000001429','2022-08-31 16:07:56','00000000','7201272545518','강길동','0101231234',NULL,NULL,NULL,NULL,NULL),('0000001430','2022-08-31 16:07:56','00000000','8201211867247','주길동','0101231234',NULL,NULL,NULL,NULL,NULL),('0000001431','2022-08-31 16:07:56','00000000','6211171174137','도길동','0101231234',NULL,NULL,NULL,NULL,NULL),('0000001432','2022-08-31 16:07:56','00000000','1806244948629','주길동','0101231234',NULL,NULL,NULL,NULL,NULL),('0000001433','2022-08-31 16:07:56','00000000','6608071226349','목길동','0101231234',NULL,NULL,NULL,NULL,NULL),('0000001434','2022-08-31 16:07:56','00000000','9512072955959','공길동','0101231234',NULL,NULL,NULL,NULL,NULL),('0000001435','2022-08-31 16:07:56','00000000','5711091871712','채길동','0101231234',NULL,NULL,NULL,NULL,NULL),('0000001436','2022-08-31 16:07:56','00000000','7411062293941','뇌길동','0101231234',NULL,NULL,NULL,NULL,NULL),('0000001437','2022-08-31 16:07:56','00000000','5002182455845','추길동','0101231234',NULL,NULL,NULL,NULL,NULL),('0000001438','2022-08-31 16:07:56','00000000','7708162316298','마길동','0101231234',NULL,NULL,NULL,NULL,NULL),('0000001439','2022-08-31 16:07:56','00000000','5812131135978','부길동','0101231234',NULL,NULL,NULL,NULL,NULL),('0000001440','2022-08-31 16:07:56','00000000','7404081941446','국길동','0101231234',NULL,NULL,NULL,NULL,NULL),('0000001441','2022-08-31 16:07:56','00000000','9712181164887','삼길동','0101231234',NULL,NULL,NULL,NULL,NULL),('0000001442','2022-08-31 16:07:56','00000000','7202162687227','조길동','0101231234',NULL,NULL,NULL,NULL,NULL),('0000001443','2022-08-31 16:07:56','00000000','9611162752951','범길동','0101231234',NULL,NULL,NULL,NULL,NULL),('0000001444','2022-08-31 16:07:56','00000000','9411241322157','돈길동','0101231234',NULL,NULL,NULL,NULL,NULL),('0000001445','2022-08-31 16:07:56','00000000','1012224267397','매길동','0101231234',NULL,NULL,NULL,NULL,NULL),('0000001446','2022-08-31 16:07:56','00000000','8912021967641','금길동','0101231234',NULL,NULL,NULL,NULL,NULL),('0000001447','2022-08-31 16:07:56','00000000','1908133984915','야길동','0101231234',NULL,NULL,NULL,NULL,NULL),('0000001448','2022-08-31 16:07:56','00000000','9211042587335','이길동','0101231234',NULL,NULL,NULL,NULL,NULL),('0000001449','2022-08-31 16:07:56','00000000','7304032427179','십길동','0101231234',NULL,NULL,NULL,NULL,NULL),('0000001450','2022-08-31 16:07:56','00000000','7711232479444','원길동','0101231234',NULL,NULL,NULL,NULL,NULL),('0000001451','2022-08-31 16:07:56','00000000','5212261622979','창길동','0101231234',NULL,NULL,NULL,NULL,NULL),('0000001452','2022-08-31 16:07:56','00000000','6212131943582','순길동','0101231234',NULL,NULL,NULL,NULL,NULL),('0000001453','2022-08-31 16:07:56','00000000','1511154889134','원길동','0101231234',NULL,NULL,NULL,NULL,NULL),('0000001454','2022-08-31 16:07:56','00000000','7611131929987','단길동','0101231234',NULL,NULL,NULL,NULL,NULL),('0000001455','2022-08-31 16:07:56','00000000','9712212147943','두길동','0101231234',NULL,NULL,NULL,NULL,NULL),('0000001456','2022-08-31 16:07:56','00000000','7805161255397','제길동','0101231234',NULL,NULL,NULL,NULL,NULL),('0000001457','2022-08-31 16:07:56','00000000','5012192798153','장곡길동','0101231234',NULL,NULL,NULL,NULL,NULL),('0000001458','2022-08-31 16:07:56','00000000','9308261444465','조길동','0101231234',NULL,NULL,NULL,NULL,NULL),('0000001459','2022-08-31 16:07:56','00000000','9309172169894','사길동','0101231234',NULL,NULL,NULL,NULL,NULL),('0000001460','2022-08-31 16:07:56','00000000','1709033691832','장길동','0101231234',NULL,NULL,NULL,NULL,NULL),('0000001461','2022-08-31 16:07:56','00000000','5312172162853','장길동','0101231234',NULL,NULL,NULL,NULL,NULL),('0000001462','2022-08-31 16:07:56','00000000','9501261623137','승길동','0101231234',NULL,NULL,NULL,NULL,NULL),('0000001463','2022-08-31 16:07:56','00000000','1711144893251','빈길동','0101231234',NULL,NULL,NULL,NULL,NULL),('0000001464','2022-08-31 16:07:56','00000000','5501251985285','견길동','0101231234',NULL,NULL,NULL,NULL,NULL),('0000001465','2022-08-31 16:07:56','00000000','5901022174679','한길동','0101231234',NULL,NULL,NULL,NULL,NULL),('0000001466','2022-08-31 16:07:56','00000000','8412052277334','서길동','0101231234',NULL,NULL,NULL,NULL,NULL),('0000001467','2022-08-31 16:07:56','00000000','9811012259196','이길동','0101231234',NULL,NULL,NULL,NULL,NULL),('0000001468','2022-08-31 16:07:56','00000000','7205152658998','도길동','0101231234',NULL,NULL,NULL,NULL,NULL),('0000001469','2022-08-31 16:07:56','00000000','7812122488115','삼길동','0101231234',NULL,NULL,NULL,NULL,NULL),('0000001470','2022-08-31 16:07:56','00000000','8401192299646','단길동','0101231234',NULL,NULL,NULL,NULL,NULL),('0000001471','2022-08-31 16:07:56','00000000','7412012234947','범길동','0101231234',NULL,NULL,NULL,NULL,NULL),('0000001472','2022-08-31 16:07:56','00000000','9511131469735','점길동','0101231234',NULL,NULL,NULL,NULL,NULL),('0000001473','2022-08-31 16:07:56','00000000','5111031212243','봉길동','0101231234',NULL,NULL,NULL,NULL,NULL),('0000001474','2022-08-31 16:07:56','00000000','7711252442893','갈길동','0101231234',NULL,NULL,NULL,NULL,NULL),('0000001475','2022-08-31 16:07:56','00000000','6803221832488','맹길동','0101231234',NULL,NULL,NULL,NULL,NULL),('0000001476','2022-08-31 16:07:56','00000000','6911231146323','진길동','0101231234',NULL,NULL,NULL,NULL,NULL),('0000001477','2022-08-31 16:07:56','00000000','5507292658394','천길동','0101231234',NULL,NULL,NULL,NULL,NULL),('0000001478','2022-08-31 16:07:56','00000000','6802041962319','승길동','0101231234',NULL,NULL,NULL,NULL,NULL),('0000001479','2022-08-31 16:07:56','00000000','6711061762319','길길동','0101231234',NULL,NULL,NULL,NULL,NULL),('0000001480','2022-08-31 16:07:56','00000000','7104071184396','용길동','0101231234',NULL,NULL,NULL,NULL,NULL),('0000001481','2022-08-31 16:07:56','00000000','8912191373153','설길동','0101231234',NULL,NULL,NULL,NULL,NULL),('0000001482','2022-08-31 16:07:56','00000000','6111291295733','삼길동','0101231234',NULL,NULL,NULL,NULL,NULL),('0000001483','2022-08-31 16:07:56','00000000','8011061893226','빈길동','0101231234',NULL,NULL,NULL,NULL,NULL),('0000001484','2022-08-31 16:07:56','00000000','6911071337967','하길동','0101231234',NULL,NULL,NULL,NULL,NULL),('0000001485','2022-08-31 16:07:56','00000000','9603281898585','포길동','0101231234',NULL,NULL,NULL,NULL,NULL),('0000001486','2022-08-31 16:07:56','00000000','6312122149133','편길동','0101231234',NULL,NULL,NULL,NULL,NULL),('0000001487','2022-08-31 16:07:56','00000000','7312171466217','시길동','0101231234',NULL,NULL,NULL,NULL,NULL),('0000001488','2022-08-31 16:07:56','00000000','1007294218826','어금길동','0101231234',NULL,NULL,NULL,NULL,NULL),('0000001489','2022-08-31 16:07:56','00000000','5011292875691','한길동','0101231234',NULL,NULL,NULL,NULL,NULL),('0000001490','2022-08-31 16:07:56','00000000','6408171399544','봉길동','0101231234',NULL,NULL,NULL,NULL,NULL),('0000001491','2022-08-31 16:07:56','00000000','8601022298893','정길동','0101231234',NULL,NULL,NULL,NULL,NULL),('0000001492','2022-08-31 16:07:56','00000000','5411022638924','강길동','0101231234',NULL,NULL,NULL,NULL,NULL),('0000001493','2022-08-31 16:07:56','00000000','9812271434384','부길동','0101231234',NULL,NULL,NULL,NULL,NULL),('0000001494','2022-08-31 16:07:56','00000000','5705271621928','심길동','0101231234',NULL,NULL,NULL,NULL,NULL),('0000001495','2022-08-31 16:07:56','00000000','8109071976215','도길동','0101231234',NULL,NULL,NULL,NULL,NULL),('0000001496','2022-08-31 16:07:56','00000000','8012191743483','돈길동','0101231234',NULL,NULL,NULL,NULL,NULL),('0000001497','2022-08-31 16:07:56','00000000','6212282493584','황길동','0101231234',NULL,NULL,NULL,NULL,NULL),('0000001498','2022-08-31 16:07:56','00000000','9512111232744','맹길동','0101231234',NULL,NULL,NULL,NULL,NULL),('0000001499','2022-08-31 16:07:56','00000000','5612081866145','목길동','0101231234',NULL,NULL,NULL,NULL,NULL),('0000001500','2022-08-31 16:07:56','00000000','9412152618765','낭길동','0101231234',NULL,NULL,NULL,NULL,NULL),('0000001501','2022-08-31 16:07:56','00000000','5011262925167','제길동','0101231234',NULL,NULL,NULL,NULL,NULL),('0000001502','2022-08-31 16:07:56','00000000','8112132375845','류길동','0101231234',NULL,NULL,NULL,NULL,NULL),('0000001503','2022-08-31 16:07:56','00000000','1411164685572','탄길동','0101231234',NULL,NULL,NULL,NULL,NULL),('0000001504','2022-08-31 16:07:56','00000000','8812152469677','방길동','0101231234',NULL,NULL,NULL,NULL,NULL),('0000001505','2022-08-31 16:07:56','00000000','8007031744347','임길동','0101231234',NULL,NULL,NULL,NULL,NULL),('0000001506','2022-08-31 16:07:56','00000000','5806161867646','순길동','0101231234',NULL,NULL,NULL,NULL,NULL),('0000001507','2022-08-31 16:07:56','00000000','6712211699912','봉길동','0101231234',NULL,NULL,NULL,NULL,NULL),('0000001508','2022-08-31 16:07:56','00000000','8601082189758','초길동','0101231234',NULL,NULL,NULL,NULL,NULL),('0000001509','2022-08-31 16:07:56','00000000','5011091395772','흥길동','0101231234',NULL,NULL,NULL,NULL,NULL),('0000001510','2022-08-31 16:07:56','00000000','8112092359289','진길동','0101231234',NULL,NULL,NULL,NULL,NULL),('0000001511','2022-08-31 16:07:56','00000000','6706291652824','강전길동','0101231234',NULL,NULL,NULL,NULL,NULL),('0000001512','2022-08-31 16:07:56','00000000','6811292364526','돈길동','0101231234',NULL,NULL,NULL,NULL,NULL),('0000001513','2022-08-31 16:07:56','00000000','1606113537895','종길동','0101231234',NULL,NULL,NULL,NULL,NULL),('0000001514','2022-08-31 16:07:56','00000000','6412212159938','경길동','0101231234',NULL,NULL,NULL,NULL,NULL),('0000001515','2022-08-31 16:07:56','00000000','8411092257852','정길동','0101231234',NULL,NULL,NULL,NULL,NULL),('0000001516','2022-08-31 16:07:56','00000000','5312172941563','만길동','0101231234',NULL,NULL,NULL,NULL,NULL),('0000001517','2022-08-31 16:07:56','00000000','7206132598435','진길동','0101231234',NULL,NULL,NULL,NULL,NULL),('0000001518','2022-08-31 16:07:56','00000000','5412222896399','온길동','0101231234',NULL,NULL,NULL,NULL,NULL),('0000001519','2022-08-31 16:07:56','00000000','1112184632488','궉길동','0101231234',NULL,NULL,NULL,NULL,NULL),('0000001520','2022-08-31 16:07:56','00000000','1212023251731','진길동','0101231234',NULL,NULL,NULL,NULL,NULL),('0000001521','2022-08-31 16:07:56','00000000','5008281559682','곽길동','0101231234',NULL,NULL,NULL,NULL,NULL),('0000001522','2022-08-31 16:07:56','00000000','8811052135344','우길동','0101231234',NULL,NULL,NULL,NULL,NULL),('0000001523','2022-08-31 16:07:56','00000000','7104092462955','상길동','0101231234',NULL,NULL,NULL,NULL,NULL),('0000001524','2022-08-31 16:07:56','00000000','7412241536692','연길동','0101231234',NULL,NULL,NULL,NULL,NULL),('0000001525','2022-08-31 16:07:56','00000000','6409142662953','삼길동','0101231234',NULL,NULL,NULL,NULL,NULL),('0000001526','2022-08-31 16:07:56','00000000','5812212584487','초길동','0101231234',NULL,NULL,NULL,NULL,NULL),('0000001527','2022-08-31 16:07:56','00000000','1508234666171','장곡길동','0101231234',NULL,NULL,NULL,NULL,NULL),('0000001528','2022-08-31 16:07:56','00000000','8902141993592','동방길동','0101231234',NULL,NULL,NULL,NULL,NULL),('0000001529','2022-08-31 16:07:56','00000000','6812012944624','서문길동','0101231234',NULL,NULL,NULL,NULL,NULL),('0000001530','2022-08-31 16:07:56','00000000','1212073571967','맹길동','0101231234',NULL,NULL,NULL,NULL,NULL),('0000001531','2022-08-31 16:07:56','00000000','5611252633636','시길동','0101231234',NULL,NULL,NULL,NULL,NULL),('0000001532','2022-08-31 16:07:56','00000000','1008254632689','서길동','0101231234',NULL,NULL,NULL,NULL,NULL),('0000001533','2022-08-31 16:07:56','00000000','6312241286352','반길동','0101231234',NULL,NULL,NULL,NULL,NULL),('0000001534','2022-08-31 16:07:56','00000000','7811021269152','운길동','0101231234',NULL,NULL,NULL,NULL,NULL),('0000001535','2022-08-31 16:07:56','00000000','9511162974686','궉길동','0101231234',NULL,NULL,NULL,NULL,NULL),('0000001536','2022-08-31 16:07:56','00000000','1712284495993','묵길동','0101231234',NULL,NULL,NULL,NULL,NULL),('0000001537','2022-08-31 16:07:56','00000000','6111092492467','유길동','0101231234',NULL,NULL,NULL,NULL,NULL),('0000001538','2022-08-31 16:07:56','00000000','1712144162351','하길동','0101231234',NULL,NULL,NULL,NULL,NULL),('0000001539','2022-08-31 16:07:56','00000000','1405214369264','유길동','0101231234',NULL,NULL,NULL,NULL,NULL),('0000001540','2022-08-31 16:07:56','00000000','8312272342769','신길동','0101231234',NULL,NULL,NULL,NULL,NULL),('0000001541','2022-08-31 16:07:56','00000000','9312162817882','연길동','0101231234',NULL,NULL,NULL,NULL,NULL),('0000001542','2022-08-31 16:07:56','00000000','7604152177558','양길동','0101231234',NULL,NULL,NULL,NULL,NULL),('0000001543','2022-08-31 16:07:56','00000000','6501081542143','대길동','0101231234',NULL,NULL,NULL,NULL,NULL),('0000001544','2022-08-31 16:07:56','00000000','6612182482415','흥길동','0101231234',NULL,NULL,NULL,NULL,NULL),('0000001545','2022-08-31 16:07:56','00000000','9911271731886','장길동','0101231234',NULL,NULL,NULL,NULL,NULL),('0000001546','2022-08-31 16:07:56','00000000','8211281668825','인길동','0101231234',NULL,NULL,NULL,NULL,NULL),('0000001547','2022-08-31 16:07:56','00000000','8403151149886','권길동','0101231234',NULL,NULL,NULL,NULL,NULL),('0000001548','2022-08-31 16:07:56','00000000','7907161616248','국길동','0101231234',NULL,NULL,NULL,NULL,NULL),('0000001549','2022-08-31 16:07:56','00000000','5708061374289','도길동','0101231234',NULL,NULL,NULL,NULL,NULL),('0000001550','2022-08-31 16:07:56','00000000','7507022539327','근길동','0101231234',NULL,NULL,NULL,NULL,NULL),('0000001551','2022-08-31 16:07:56','00000000','6412072517749','승길동','0101231234',NULL,NULL,NULL,NULL,NULL),('0000001552','2022-08-31 16:07:56','00000000','9506071312782','국길동','0101231234',NULL,NULL,NULL,NULL,NULL),('0000001553','2022-08-31 16:07:56','00000000','5102241277636','도길동','0101231234',NULL,NULL,NULL,NULL,NULL),('0000001554','2022-08-31 16:07:56','00000000','6508062975214','마길동','0101231234',NULL,NULL,NULL,NULL,NULL),('0000001555','2022-08-31 16:07:56','00000000','8312152848514','학길동','0101231234',NULL,NULL,NULL,NULL,NULL),('0000001556','2022-08-31 16:07:56','00000000','6612221147575','신길동','0101231234',NULL,NULL,NULL,NULL,NULL),('0000001557','2022-08-31 16:07:56','00000000','5512231828934','준길동','0101231234',NULL,NULL,NULL,NULL,NULL),('0000001558','2022-08-31 16:07:56','00000000','7511022229665','국길동','0101231234',NULL,NULL,NULL,NULL,NULL),('0000001559','2022-08-31 16:07:56','00000000','6012011764381','방길동','0101231234',NULL,NULL,NULL,NULL,NULL),('0000001560','2022-08-31 16:07:56','00000000','9211222548767','대길동','0101231234',NULL,NULL,NULL,NULL,NULL),('0000001561','2022-08-31 16:07:56','00000000','9912172752321','초길동','0101231234',NULL,NULL,NULL,NULL,NULL),('0000001562','2022-08-31 16:07:56','00000000','6011071323982','경길동','0101231234',NULL,NULL,NULL,NULL,NULL),('0000001563','2022-08-31 16:07:56','00000000','1411013544697','단길동','0101231234',NULL,NULL,NULL,NULL,NULL),('0000001564','2022-08-31 16:07:56','00000000','6201291679774','담길동','0101231234',NULL,NULL,NULL,NULL,NULL),('0000001565','2022-08-31 16:07:56','00000000','6609092841132','경길동','0101231234',NULL,NULL,NULL,NULL,NULL),('0000001566','2022-08-31 16:07:56','00000000','5711011874588','옹길동','0101231234',NULL,NULL,NULL,NULL,NULL),('0000001567','2022-08-31 16:07:56','00000000','9009191492465','저길동','0101231234',NULL,NULL,NULL,NULL,NULL),('0000001568','2022-08-31 16:07:56','00000000','8511062824312','지길동','0101231234',NULL,NULL,NULL,NULL,NULL),('0000001569','2022-08-31 16:07:56','00000000','9511112749834','동방길동','0101231234',NULL,NULL,NULL,NULL,NULL),('0000001570','2022-08-31 16:07:56','00000000','9512172615577','남궁길동','0101231234',NULL,NULL,NULL,NULL,NULL),('0000001571','2022-08-31 16:07:56','00000000','9711021812555','저길동','0101231234',NULL,NULL,NULL,NULL,NULL),('0000001572','2022-08-31 16:07:56','00000000','6009122897259','편길동','0101231234',NULL,NULL,NULL,NULL,NULL),('0000001573','2022-08-31 16:07:56','00000000','7211012351383','우길동','0101231234',NULL,NULL,NULL,NULL,NULL),('0000001574','2022-08-31 16:07:56','00000000','5004242268579','전길동','0101231234',NULL,NULL,NULL,NULL,NULL),('0000001575','2022-08-31 16:07:56','00000000','9512061267345','정길동','0101231234',NULL,NULL,NULL,NULL,NULL),('0000001576','2022-08-31 16:07:56','00000000','9105022173681','옹길동','0101231234',NULL,NULL,NULL,NULL,NULL),('0000001577','2022-08-31 16:07:56','00000000','8712241248791','만길동','0101231234',NULL,NULL,NULL,NULL,NULL),('0000001578','2022-08-31 16:07:56','00000000','9507262545751','이길동','0101231234',NULL,NULL,NULL,NULL,NULL),('0000001579','2022-08-31 16:07:56','00000000','8712252255922','초길동','0101231234',NULL,NULL,NULL,NULL,NULL),('0000001580','2022-08-31 16:07:56','00000000','6102011443321','송길동','0101231234',NULL,NULL,NULL,NULL,NULL),('0000001581','2022-08-31 16:07:56','00000000','8211132125415','송길동','0101231234',NULL,NULL,NULL,NULL,NULL),('0000001582','2022-08-31 16:07:56','00000000','8611262497136','명길동','0101231234',NULL,NULL,NULL,NULL,NULL),('0000001583','2022-08-31 16:07:56','00000000','6904151816475','황보길동','0101231234',NULL,NULL,NULL,NULL,NULL),('0000001584','2022-08-31 16:07:56','00000000','8005272728751','유길동','0101231234',NULL,NULL,NULL,NULL,NULL),('0000001585','2022-08-31 16:07:56','00000000','6612122753632','화길동','0101231234',NULL,NULL,NULL,NULL,NULL),('0000001586','2022-08-31 16:07:56','00000000','8901281635349','ㅁ役\Z','0101231234',NULL,NULL,NULL,NULL,NULL),('0000001587','2022-08-31 16:07:56','00000000','6612262949373','해길동','0101231234',NULL,NULL,NULL,NULL,NULL),('0000001588','2022-08-31 16:07:56','00000000','9404011391195','담길동','0101231234',NULL,NULL,NULL,NULL,NULL),('0000001589','2022-08-31 16:07:56','00000000','6811081942519','증길동','0101231234',NULL,NULL,NULL,NULL,NULL),('0000001590','2022-08-31 16:07:56','00000000','8212192286341','화길동','0101231234',NULL,NULL,NULL,NULL,NULL),('0000001591','2022-08-31 16:07:56','00000000','9002022161267','유길동','0101231234',NULL,NULL,NULL,NULL,NULL),('0000001592','2022-08-31 16:07:56','00000000','7411252552738','송길동','0101231234',NULL,NULL,NULL,NULL,NULL),('0000001593','2022-08-31 16:07:56','00000000','7504152925465','양길동','0101231234',NULL,NULL,NULL,NULL,NULL),('0000001594','2022-08-31 16:07:56','00000000','6112262936325','소길동','0101231234',NULL,NULL,NULL,NULL,NULL),('0000001595','2022-08-31 16:07:56','00000000','1411134262161','강길동','0101231234',NULL,NULL,NULL,NULL,NULL),('0000001596','2022-08-31 16:07:56','00000000','6612071499414','유길동','0101231234',NULL,NULL,NULL,NULL,NULL),('0000001597','2022-08-31 16:07:56','00000000','8411022723932','모길동','0101231234',NULL,NULL,NULL,NULL,NULL),('0000001598','2022-08-31 16:07:56','00000000','9412132677276','나길동','0101231234',NULL,NULL,NULL,NULL,NULL),('0000001599','2022-08-31 16:07:56','00000000','6511042225892','용길동','0101231234',NULL,NULL,NULL,NULL,NULL),('0000001600','2022-08-31 16:07:56','00000000','6411272755245','맹길동','0101231234',NULL,NULL,NULL,NULL,NULL),('0000001601','2022-08-31 16:07:56','00000000','7005281551795','석길동','0101231234',NULL,NULL,NULL,NULL,NULL),('0000001602','2022-08-31 16:07:56','00000000','6212261932176','형길동','0101231234',NULL,NULL,NULL,NULL,NULL),('0000001603','2022-08-31 16:07:56','00000000','8812212775586','포길동','0101231234',NULL,NULL,NULL,NULL,NULL),('0000001604','2022-08-31 16:07:56','00000000','8404072958414','시길동','0101231234',NULL,NULL,NULL,NULL,NULL),('0000001605','2022-08-31 16:07:56','00000000','8211111673289','도길동','0101231234',NULL,NULL,NULL,NULL,NULL),('0000001606','2022-08-31 16:07:56','00000000','5012112512589','순길동','0101231234',NULL,NULL,NULL,NULL,NULL),('0000001607','2022-08-31 16:07:56','00000000','7612081792288','뇌길동','0101231234',NULL,NULL,NULL,NULL,NULL),('0000001608','2022-08-31 16:07:56','00000000','6712172898952','풍길동','0101231234',NULL,NULL,NULL,NULL,NULL),('0000001609','2022-08-31 16:07:56','00000000','5611021162239','엄길동','0101231234',NULL,NULL,NULL,NULL,NULL),('0000001610','2022-08-31 16:07:56','00000000','8403011966592','여길동','0101231234',NULL,NULL,NULL,NULL,NULL),('0000001611','2022-08-31 16:07:56','00000000','8611041553892','승길동','0101231234',NULL,NULL,NULL,NULL,NULL),('0000001612','2022-08-31 16:07:56','00000000','5306052654275','인길동','0101231234',NULL,NULL,NULL,NULL,NULL),('0000001613','2022-08-31 16:07:56','00000000','5211252957549','궉길동','0101231234',NULL,NULL,NULL,NULL,NULL),('0000001614','2022-08-31 16:07:56','00000000','5509012612536','성길동','0101231234',NULL,NULL,NULL,NULL,NULL),('0000001615','2022-08-31 16:07:56','00000000','8511282362767','기길동','0101231234',NULL,NULL,NULL,NULL,NULL),('0000001616','2022-08-31 16:07:56','00000000','6711111163476','노길동','0101231234',NULL,NULL,NULL,NULL,NULL),('0000001617','2022-08-31 16:07:56','00000000','5912012373382','양길동','0101231234',NULL,NULL,NULL,NULL,NULL),('0000001618','2022-08-31 16:07:56','00000000','8811091527824','안길동','0101231234',NULL,NULL,NULL,NULL,NULL),('0000001619','2022-08-31 16:07:56','00000000','7612271875293','양길동','0101231234',NULL,NULL,NULL,NULL,NULL),('0000001620','2022-08-31 16:07:56','00000000','8301121269916','교길동','0101231234',NULL,NULL,NULL,NULL,NULL),('0000001621','2022-08-31 16:07:56','00000000','9212192385119','경길동','0101231234',NULL,NULL,NULL,NULL,NULL),('0000001622','2022-08-31 16:07:56','00000000','8208211986566','옹길동','0101231234',NULL,NULL,NULL,NULL,NULL),('0000001623','2022-08-31 16:07:56','00000000','7312012848625','경길동','0101231234',NULL,NULL,NULL,NULL,NULL),('0000001624','2022-08-31 16:07:56','00000000','9512192951325','채길동','0101231234',NULL,NULL,NULL,NULL,NULL),('0000001625','2022-08-31 16:07:56','00000000','6811012721736','애길동','0101231234',NULL,NULL,NULL,NULL,NULL),('0000001626','2022-08-31 16:07:56','00000000','6307261145548','성길동','0101231234',NULL,NULL,NULL,NULL,NULL),('0000001627','2022-08-31 16:07:56','00000000','7202012326361','내길동','0101231234',NULL,NULL,NULL,NULL,NULL),('0000001628','2022-08-31 16:07:56','00000000','7011161518252','도길동','0101231234',NULL,NULL,NULL,NULL,NULL),('0000001629','2022-08-31 16:07:56','00000000','7101141383684','신길동','0101231234',NULL,NULL,NULL,NULL,NULL),('0000001630','2022-08-31 16:07:56','00000000','6309111313211','장곡길동','0101231234',NULL,NULL,NULL,NULL,NULL),('0000001631','2022-08-31 16:07:56','00000000','8111061126467','궉길동','0101231234',NULL,NULL,NULL,NULL,NULL),('0000001632','2022-08-31 16:07:56','00000000','9312221588615','경길동','0101231234',NULL,NULL,NULL,NULL,NULL),('0000001633','2022-08-31 16:07:56','00000000','9211262994552','노길동','0101231234',NULL,NULL,NULL,NULL,NULL),('0000001634','2022-08-31 16:07:56','00000000','7812242772334','모길동','0101231234',NULL,NULL,NULL,NULL,NULL),('0000001635','2022-08-31 16:07:56','00000000','8512292324431','해길동','0101231234',NULL,NULL,NULL,NULL,NULL),('0000001636','2022-08-31 16:07:56','00000000','5911082996754','시길동','0101231234',NULL,NULL,NULL,NULL,NULL),('0000001637','2022-08-31 16:07:56','00000000','9704271484294','빈길동','0101231234',NULL,NULL,NULL,NULL,NULL),('0000001638','2022-08-31 16:07:56','00000000','7512262326392','도길동','0101231234',NULL,NULL,NULL,NULL,NULL),('0000001639','2022-08-31 16:07:56','00000000','1312073677145','묵길동','0101231234',NULL,NULL,NULL,NULL,NULL),('0000001640','2022-08-31 16:07:56','00000000','5712082622342','지길동','0101231234',NULL,NULL,NULL,NULL,NULL),('0000001641','2022-08-31 16:07:56','00000000','7212261844889','송길동','0101231234',NULL,NULL,NULL,NULL,NULL),('0000001642','2022-08-31 16:07:56','00000000','5211052915937','이길동','0101231234',NULL,NULL,NULL,NULL,NULL),('0000001643','2022-08-31 16:07:56','00000000','5601091798169','인길동','0101231234',NULL,NULL,NULL,NULL,NULL),('0000001644','2022-08-31 16:07:56','00000000','5612241288854','대길동','0101231234',NULL,NULL,NULL,NULL,NULL),('0000001645','2022-08-31 16:07:56','00000000','8505291771667','윤길동','0101231234',NULL,NULL,NULL,NULL,NULL),('0000001646','2022-08-31 16:07:56','00000000','7411231363348','기길동','0101231234',NULL,NULL,NULL,NULL,NULL),('0000001647','2022-08-31 16:07:56','00000000','7603212647255','빙길동','0101231234',NULL,NULL,NULL,NULL,NULL),('0000001648','2022-08-31 16:07:56','00000000','7412041495697','양길동','0101231234',NULL,NULL,NULL,NULL,NULL),('0000001649','2022-08-31 16:07:56','00000000','6211282218217','함길동','0101231234',NULL,NULL,NULL,NULL,NULL),('0000001650','2022-08-31 16:07:56','00000000','5701141626511','호길동','0101231234',NULL,NULL,NULL,NULL,NULL),('0000001651','2022-08-31 16:07:56','00000000','6302292556114','돈길동','0101231234',NULL,NULL,NULL,NULL,NULL),('0000001652','2022-08-31 16:07:56','00000000','5811022163216','후길동','0101231234',NULL,NULL,NULL,NULL,NULL),('0000001653','2022-08-31 16:07:56','00000000','9312142139298','장곡길동','0101231234',NULL,NULL,NULL,NULL,NULL),('0000001654','2022-08-31 16:07:56','00000000','7711051268941','유길동','0101231234',NULL,NULL,NULL,NULL,NULL),('0000001655','2022-08-31 16:07:56','00000000','1401183179956','교길동','0101231234',NULL,NULL,NULL,NULL,NULL),('0000001656','2022-08-31 16:07:56','00000000','7912011649936','수길동','0101231234',NULL,NULL,NULL,NULL,NULL),('0000001657','2022-08-31 16:07:56','00000000','1604234578219','소길동','0101231234',NULL,NULL,NULL,NULL,NULL),('0000001658','2022-08-31 16:07:56','00000000','8311031524373','뇌길동','0101231234',NULL,NULL,NULL,NULL,NULL),('0000001659','2022-08-31 16:07:56','00000000','9202161237871','어길동','0101231234',NULL,NULL,NULL,NULL,NULL),('0000001660','2022-08-31 16:07:56','00000000','8411291979175','창길동','0101231234',NULL,NULL,NULL,NULL,NULL),('0000001661','2022-08-31 16:07:56','00000000','8512021774111','허길동','0101231234',NULL,NULL,NULL,NULL,NULL),('0000001662','2022-08-31 16:07:56','00000000','7207032119448','기길동','0101231234',NULL,NULL,NULL,NULL,NULL),('0000001663','2022-08-31 16:07:56','00000000','6011212256364','곽길동','0101231234',NULL,NULL,NULL,NULL,NULL),('0000001664','2022-08-31 16:07:56','00000000','7505142287731','표길동','0101231234',NULL,NULL,NULL,NULL,NULL),('0000001665','2022-08-31 16:07:56','00000000','8001122171739','증길동','0101231234',NULL,NULL,NULL,NULL,NULL),('0000001666','2022-08-31 16:07:56','00000000','6204162918848','하길동','0101231234',NULL,NULL,NULL,NULL,NULL),('0000001667','2022-08-31 16:07:56','00000000','7101162858551','조길동','0101231234',NULL,NULL,NULL,NULL,NULL),('0000001668','2022-08-31 16:07:56','00000000','6112152289564','경길동','0101231234',NULL,NULL,NULL,NULL,NULL),('0000001669','2022-08-31 16:07:56','00000000','9811271756473','진길동','0101231234',NULL,NULL,NULL,NULL,NULL),('0000001670','2022-08-31 16:07:56','00000000','8411172864272','유길동','0101231234',NULL,NULL,NULL,NULL,NULL),('0000001671','2022-08-31 16:07:56','00000000','6511022753471','비길동','0101231234',NULL,NULL,NULL,NULL,NULL),('0000001672','2022-08-31 16:07:56','00000000','8612161291639','사공길동','0101231234',NULL,NULL,NULL,NULL,NULL),('0000001673','2022-08-31 16:07:56','00000000','7608042279871','민길동','0101231234',NULL,NULL,NULL,NULL,NULL),('0000001674','2022-08-31 16:07:56','00000000','8211051982895','운길동','0101231234',NULL,NULL,NULL,NULL,NULL),('0000001675','2022-08-31 16:07:56','00000000','7712211877583','남길동','0101231234',NULL,NULL,NULL,NULL,NULL),('0000001676','2022-08-31 16:07:56','00000000','7612191923275','방길동','0101231234',NULL,NULL,NULL,NULL,NULL),('0000001677','2022-08-31 16:07:56','00000000','6211212995655','봉길동','0101231234',NULL,NULL,NULL,NULL,NULL),('0000001678','2022-08-31 16:07:56','00000000','6212081365274','두길동','0101231234',NULL,NULL,NULL,NULL,NULL),('0000001679','2022-08-31 16:07:56','00000000','5811071256915','호길동','0101231234',NULL,NULL,NULL,NULL,NULL),('0000001680','2022-08-31 16:07:56','00000000','9705231288925','소길동','0101231234',NULL,NULL,NULL,NULL,NULL),('0000001681','2022-08-31 16:07:56','00000000','9105111568367','뇌길동','0101231234',NULL,NULL,NULL,NULL,NULL),('0000001682','2022-08-31 16:07:56','00000000','6311092255193','순길동','0101231234',NULL,NULL,NULL,NULL,NULL),('0000001683','2022-08-31 16:07:56','00000000','1011234484648','방길동','0101231234',NULL,NULL,NULL,NULL,NULL),('0000001684','2022-08-31 16:07:56','00000000','5311272767452','빈길동','0101231234',NULL,NULL,NULL,NULL,NULL),('0000001685','2022-08-31 16:07:56','00000000','6711142913256','우길동','0101231234',NULL,NULL,NULL,NULL,NULL),('0000001686','2022-08-31 16:07:56','00000000','6906022682772','조길동','0101231234',NULL,NULL,NULL,NULL,NULL),('0000001687','2022-08-31 16:07:56','00000000','8403282221916','묵길동','0101231234',NULL,NULL,NULL,NULL,NULL),('0000001688','2022-08-31 16:07:56','00000000','6812231248322','옥길동','0101231234',NULL,NULL,NULL,NULL,NULL),('0000001689','2022-08-31 16:07:56','00000000','5411212839724','소길동','0101231234',NULL,NULL,NULL,NULL,NULL),('0000001690','2022-08-31 16:07:56','00000000','6401061685733','소길동','0101231234',NULL,NULL,NULL,NULL,NULL),('0000001691','2022-08-31 16:07:56','00000000','8504212755843','선우길동','0101231234',NULL,NULL,NULL,NULL,NULL),('0000001692','2022-08-31 16:07:56','00000000','7611071393638','함길동','0101231234',NULL,NULL,NULL,NULL,NULL),('0000001693','2022-08-31 16:07:56','00000000','9211162958788','고길동','0101231234',NULL,NULL,NULL,NULL,NULL),('0000001694','2022-08-31 16:07:56','00000000','6412222874128','태길동','0101231234',NULL,NULL,NULL,NULL,NULL),('0000001695','2022-08-31 16:07:56','00000000','6312232452727','국길동','0101231234',NULL,NULL,NULL,NULL,NULL),('0000001696','2022-08-31 16:07:56','00000000','9711151226268','증길동','0101231234',NULL,NULL,NULL,NULL,NULL),('0000001697','2022-08-31 16:07:56','00000000','8711191253442','단길동','0101231234',NULL,NULL,NULL,NULL,NULL),('0000001698','2022-08-31 16:07:56','00000000','5008052344273','사길동','0101231234',NULL,NULL,NULL,NULL,NULL),('0000001699','2022-08-31 16:07:56','00000000','1511264894532','범길동','0101231234',NULL,NULL,NULL,NULL,NULL),('0000001700','2022-08-31 16:07:56','00000000','8012292478622','기길동','0101231234',NULL,NULL,NULL,NULL,NULL),('0000001701','2022-08-31 16:07:56','00000000','8507092257274','창길동','0101231234',NULL,NULL,NULL,NULL,NULL),('0000001702','2022-08-31 16:07:56','00000000','6612121915164','곽길동','0101231234',NULL,NULL,NULL,NULL,NULL),('0000001703','2022-08-31 16:07:56','00000000','5405172463252','영길동','0101231234',NULL,NULL,NULL,NULL,NULL),('0000001704','2022-08-31 16:07:56','00000000','7511081485259','자길동','0101231234',NULL,NULL,NULL,NULL,NULL),('0000001705','2022-08-31 16:07:56','00000000','8908172876427','시길동','0101231234',NULL,NULL,NULL,NULL,NULL),('0000001706','2022-08-31 16:07:56','00000000','5211062572966','장길동','0101231234',NULL,NULL,NULL,NULL,NULL),('0000001707','2022-08-31 16:07:56','00000000','8912071233782','만길동','0101231234',NULL,NULL,NULL,NULL,NULL),('0000001708','2022-08-31 16:07:56','00000000','6611142262766','기길동','0101231234',NULL,NULL,NULL,NULL,NULL),('0000001709','2022-08-31 16:07:56','00000000','5109071251328','손길동','0101231234',NULL,NULL,NULL,NULL,NULL),('0000001710','2022-08-31 16:07:56','00000000','6408132671398','소길동','0101231234',NULL,NULL,NULL,NULL,NULL),('0000001711','2022-08-31 16:07:56','00000000','9912072895392','빈길동','0101231234',NULL,NULL,NULL,NULL,NULL),('0000001712','2022-08-31 16:07:56','00000000','5812251692124','도길동','0101231234',NULL,NULL,NULL,NULL,NULL),('0000001713','2022-08-31 16:07:56','00000000','7001262539953','돈길동','0101231234',NULL,NULL,NULL,NULL,NULL),('0000001714','2022-08-31 16:07:56','00000000','5301212493218','묵길동','0101231234',NULL,NULL,NULL,NULL,NULL),('0000001715','2022-08-31 16:07:56','00000000','5203032111354','권길동','0101231234',NULL,NULL,NULL,NULL,NULL),('0000001716','2022-08-31 16:07:56','00000000','8211261978957','판길동','0101231234',NULL,NULL,NULL,NULL,NULL),('0000001717','2022-08-31 16:07:56','00000000','7905122915429','미길동','0101231234',NULL,NULL,NULL,NULL,NULL),('0000001718','2022-08-31 16:07:56','00000000','5105132951274','현길동','0101231234',NULL,NULL,NULL,NULL,NULL),('0000001719','2022-08-31 16:07:56','00000000','8411251527742','소길동','0101231234',NULL,NULL,NULL,NULL,NULL),('0000001720','2022-08-31 16:07:56','00000000','6604032435212','빈길동','0101231234',NULL,NULL,NULL,NULL,NULL),('0000001721','2022-08-31 16:07:56','00000000','5312062842816','차길동','0101231234',NULL,NULL,NULL,NULL,NULL),('0000001722','2022-08-31 16:07:56','00000000','5112112572132','천길동','0101231234',NULL,NULL,NULL,NULL,NULL),('0000001723','2022-08-31 16:07:56','00000000','5312091387357','장길동','0101231234',NULL,NULL,NULL,NULL,NULL),('0000001724','2022-08-31 16:07:56','00000000','8011062155799','임길동','0101231234',NULL,NULL,NULL,NULL,NULL),('0000001725','2022-08-31 16:07:56','00000000','7307012361988','우길동','0101231234',NULL,NULL,NULL,NULL,NULL),('0000001726','2022-08-31 16:07:56','00000000','1612164228688','평길동','0101231234',NULL,NULL,NULL,NULL,NULL),('0000001727','2022-08-31 16:07:56','00000000','5811081952518','강길동','0101231234',NULL,NULL,NULL,NULL,NULL),('0000001728','2022-08-31 16:07:56','00000000','6402031826156','양길동','0101231234',NULL,NULL,NULL,NULL,NULL),('0000001729','2022-08-31 16:07:56','00000000','9412251729357','양길동','0101231234',NULL,NULL,NULL,NULL,NULL),('0000001730','2022-08-31 16:07:56','00000000','1412264233625','사공길동','0101231234',NULL,NULL,NULL,NULL,NULL),('0000001731','2022-08-31 16:07:56','00000000','6811182674515','석길동','0101231234',NULL,NULL,NULL,NULL,NULL),('0000001732','2022-08-31 16:07:56','00000000','6011272184992','박길동','0101231234',NULL,NULL,NULL,NULL,NULL),('0000001733','2022-08-31 16:07:56','00000000','9312051346996','신길동','0101231234',NULL,NULL,NULL,NULL,NULL),('0000001734','2022-08-31 16:07:56','00000000','8211181992415','왕길동','0101231234',NULL,NULL,NULL,NULL,NULL),('0000001735','2022-08-31 16:07:56','00000000','6412161765842','옹길동','0101231234',NULL,NULL,NULL,NULL,NULL),('0000001736','2022-08-31 16:07:56','00000000','8912282692686','송길동','0101231234',NULL,NULL,NULL,NULL,NULL),('0000001737','2022-08-31 16:07:56','00000000','7411271283756','어길동','0101231234',NULL,NULL,NULL,NULL,NULL),('0000001738','2022-08-31 16:07:56','00000000','5812052666138','조길동','0101231234',NULL,NULL,NULL,NULL,NULL),('0000001739','2022-08-31 16:07:56','00000000','9907221129151','진길동','0101231234',NULL,NULL,NULL,NULL,NULL),('0000001740','2022-08-31 16:07:56','00000000','9408052212468','구길동','0101231234',NULL,NULL,NULL,NULL,NULL),('0000001741','2022-08-31 16:07:56','00000000','5805082663243','화길동','0101231234',NULL,NULL,NULL,NULL,NULL),('0000001742','2022-08-31 16:07:56','00000000','7907142516314','전길동','0101231234',NULL,NULL,NULL,NULL,NULL),('0000001743','2022-08-31 16:07:56','00000000','6005192825926','강길동','0101231234',NULL,NULL,NULL,NULL,NULL),('0000001744','2022-08-31 16:07:56','00000000','7312222211468','어금길동','0101231234',NULL,NULL,NULL,NULL,NULL),('0000001745','2022-08-31 16:07:56','00000000','6402072155686','범길동','0101231234',NULL,NULL,NULL,NULL,NULL),('0000001746','2022-08-31 16:07:56','00000000','6912031856369','양길동','0101231234',NULL,NULL,NULL,NULL,NULL),('0000001747','2022-08-31 16:07:56','00000000','1003053962835','삼길동','0101231234',NULL,NULL,NULL,NULL,NULL),('0000001748','2022-08-31 16:07:56','00000000','9604111122424','풍길동','0101231234',NULL,NULL,NULL,NULL,NULL),('0000001749','2022-08-31 16:07:56','00000000','5511092674845','단길동','0101231234',NULL,NULL,NULL,NULL,NULL),('0000001750','2022-08-31 16:07:56','00000000','9906012498943','나길동','0101231234',NULL,NULL,NULL,NULL,NULL),('0000001751','2022-08-31 16:07:56','00000000','1712033954342','염길동','0101231234',NULL,NULL,NULL,NULL,NULL),('0000001752','2022-08-31 16:07:56','00000000','5011142748319','염길동','0101231234',NULL,NULL,NULL,NULL,NULL),('0000001753','2022-08-31 16:07:56','00000000','9512131825415','마길동','0101231234',NULL,NULL,NULL,NULL,NULL),('0000001754','2022-08-31 16:07:56','00000000','5212212283554','강전길동','0101231234',NULL,NULL,NULL,NULL,NULL),('0000001755','2022-08-31 16:07:56','00000000','5104252539917','변길동','0101231234',NULL,NULL,NULL,NULL,NULL),('0000001756','2022-08-31 16:07:56','00000000','8602132719833','난길동','0101231234',NULL,NULL,NULL,NULL,NULL),('0000001757','2022-08-31 16:07:56','00000000','8308242865548','풍길동','0101231234',NULL,NULL,NULL,NULL,NULL),('0000001758','2022-08-31 16:07:56','00000000','9608071557962','종길동','0101231234',NULL,NULL,NULL,NULL,NULL),('0000001759','2022-08-31 16:07:56','00000000','9611292297966','영길동','0101231234',NULL,NULL,NULL,NULL,NULL),('0000001760','2022-08-31 16:07:56','00000000','1812234313993','궉길동','0101231234',NULL,NULL,NULL,NULL,NULL),('0000001761','2022-08-31 16:07:56','00000000','6112231161489','간길동','0101231234',NULL,NULL,NULL,NULL,NULL),('0000001762','2022-08-31 16:07:56','00000000','1011114181186','추길동','0101231234',NULL,NULL,NULL,NULL,NULL),('0000001763','2022-08-31 16:07:56','00000000','7911032871247','미길동','0101231234',NULL,NULL,NULL,NULL,NULL),('0000001764','2022-08-31 16:07:56','00000000','6112131135454','순길동','0101231234',NULL,NULL,NULL,NULL,NULL),('0000001765','2022-08-31 16:07:56','00000000','7311181721912','초길동','0101231234',NULL,NULL,NULL,NULL,NULL),('0000001766','2022-08-31 16:07:56','00000000','8011272186797','유길동','0101231234',NULL,NULL,NULL,NULL,NULL),('0000001767','2022-08-31 16:07:56','00000000','9211211935579','하길동','0101231234',NULL,NULL,NULL,NULL,NULL),('0000001768','2022-08-31 16:07:56','00000000','6407142148991','추길동','0101231234',NULL,NULL,NULL,NULL,NULL),('0000001769','2022-08-31 16:07:56','00000000','8107192384565','돈길동','0101231234',NULL,NULL,NULL,NULL,NULL),('0000001770','2022-08-31 16:07:56','00000000','9411181617669','국길동','0101231234',NULL,NULL,NULL,NULL,NULL),('0000001771','2022-08-31 16:07:56','00000000','5011261641222','온길동','0101231234',NULL,NULL,NULL,NULL,NULL),('0000001772','2022-08-31 16:07:56','00000000','6212091581634','피길동','0101231234',NULL,NULL,NULL,NULL,NULL),('0000001773','2022-08-31 16:07:56','00000000','6012132923136','궁길동','0101231234',NULL,NULL,NULL,NULL,NULL),('0000001774','2022-08-31 16:07:56','00000000','9807272936723','장길동','0101231234',NULL,NULL,NULL,NULL,NULL),('0000001775','2022-08-31 16:07:56','00000000','1411124348122','우길동','0101231234',NULL,NULL,NULL,NULL,NULL),('0000001776','2022-08-31 16:07:56','00000000','7503182139767','황길동','0101231234',NULL,NULL,NULL,NULL,NULL),('0000001777','2022-08-31 16:07:56','00000000','5111132972423','감길동','0101231234',NULL,NULL,NULL,NULL,NULL),('0000001778','2022-08-31 16:07:56','00000000','7404242864436','하길동','0101231234',NULL,NULL,NULL,NULL,NULL),('0000001779','2022-08-31 16:07:56','00000000','7306021639759','소길동','0101231234',NULL,NULL,NULL,NULL,NULL),('0000001780','2022-08-31 16:07:56','00000000','8912061418168','현길동','0101231234',NULL,NULL,NULL,NULL,NULL),('0000001781','2022-08-31 16:07:56','00000000','9512272281197','호길동','0101231234',NULL,NULL,NULL,NULL,NULL),('0000001782','2022-08-31 16:07:56','00000000','6508051328485','판길동','0101231234',NULL,NULL,NULL,NULL,NULL),('0000001783','2022-08-31 16:07:56','00000000','6211112199571','종길동','0101231234',NULL,NULL,NULL,NULL,NULL),('0000001784','2022-08-31 16:07:56','00000000','8005022692155','설길동','0101231234',NULL,NULL,NULL,NULL,NULL),('0000001785','2022-08-31 16:07:56','00000000','8506261425919','미길동','0101231234',NULL,NULL,NULL,NULL,NULL),('0000001786','2022-08-31 16:07:56','00000000','7011232559692','부길동','0101231234',NULL,NULL,NULL,NULL,NULL),('0000001787','2022-08-31 16:07:56','00000000','9211261832162','경길동','0101231234',NULL,NULL,NULL,NULL,NULL),('0000001788','2022-08-31 16:07:56','00000000','9209192382436','천길동','0101231234',NULL,NULL,NULL,NULL,NULL),('0000001789','2022-08-31 16:07:56','00000000','8312131339344','진길동','0101231234',NULL,NULL,NULL,NULL,NULL),('0000001790','2022-08-31 16:07:56','00000000','9004242226861','시길동','0101231234',NULL,NULL,NULL,NULL,NULL),('0000001791','2022-08-31 16:07:56','00000000','1712214122675','단길동','0101231234',NULL,NULL,NULL,NULL,NULL),('0000001792','2022-08-31 16:07:56','00000000','7011161482984','간길동','0101231234',NULL,NULL,NULL,NULL,NULL),('0000001793','2022-08-31 16:07:56','00000000','6008182881661','호길동','0101231234',NULL,NULL,NULL,NULL,NULL),('0000001794','2022-08-31 16:07:56','00000000','5101041869344','한길동','0101231234',NULL,NULL,NULL,NULL,NULL),('0000001795','2022-08-31 16:07:56','00000000','7106051778741','장곡길동','0101231234',NULL,NULL,NULL,NULL,NULL),('0000001796','2022-08-31 16:07:56','00000000','6105112829191','가길동','0101231234',NULL,NULL,NULL,NULL,NULL),('0000001797','2022-08-31 16:07:56','00000000','5808072985924','국길동','0101231234',NULL,NULL,NULL,NULL,NULL),('0000001798','2022-08-31 16:07:56','00000000','1708224222948','판길동','0101231234',NULL,NULL,NULL,NULL,NULL),('0000001799','2022-08-31 16:07:56','00000000','8212031972349','독고길동','0101231234',NULL,NULL,NULL,NULL,NULL),('0000001800','2022-08-31 16:07:56','00000000','7612262287654','고길동','0101231234',NULL,NULL,NULL,NULL,NULL),('0000001801','2022-08-31 16:07:56','00000000','7207151328337','동길동','0101231234',NULL,NULL,NULL,NULL,NULL),('0000001802','2022-08-31 16:07:56','00000000','8511251834823','장길동','0101231234',NULL,NULL,NULL,NULL,NULL),('0000001803','2022-08-31 16:07:56','00000000','9111162594375','방길동','0101231234',NULL,NULL,NULL,NULL,NULL),('0000001804','2022-08-31 16:07:56','00000000','9312222758863','곡길동','0101231234',NULL,NULL,NULL,NULL,NULL),('0000001805','2022-08-31 16:07:56','00000000','5011021682836','영길동','0101231234',NULL,NULL,NULL,NULL,NULL),('0000001806','2022-08-31 16:07:56','00000000','7612031934711','한길동','0101231234',NULL,NULL,NULL,NULL,NULL),('0000001807','2022-08-31 16:07:56','00000000','5712162195227','방길동','0101231234',NULL,NULL,NULL,NULL,NULL),('0000001808','2022-08-31 16:07:56','00000000','8412071184713','금길동','0101231234',NULL,NULL,NULL,NULL,NULL),('0000001809','2022-08-31 16:07:56','00000000','5606171627495','후길동','0101231234',NULL,NULL,NULL,NULL,NULL),('0000001810','2022-08-31 16:07:56','00000000','6711262555879','점길동','0101231234',NULL,NULL,NULL,NULL,NULL),('0000001811','2022-08-31 16:07:56','00000000','6311222659548','수길동','0101231234',NULL,NULL,NULL,NULL,NULL),('0000001812','2022-08-31 16:07:56','00000000','1401073469718','내길동','0101231234',NULL,NULL,NULL,NULL,NULL),('0000001813','2022-08-31 16:07:56','00000000','6112012442565','이길동','0101231234',NULL,NULL,NULL,NULL,NULL),('0000001814','2022-08-31 16:07:56','00000000','9905232815624','황보길동','0101231234',NULL,NULL,NULL,NULL,NULL),('0000001815','2022-08-31 16:07:56','00000000','1611174698145','위길동','0101231234',NULL,NULL,NULL,NULL,NULL),('0000001816','2022-08-31 16:07:56','00000000','9808072352979','팽길동','0101231234',NULL,NULL,NULL,NULL,NULL),('0000001817','2022-08-31 16:07:56','00000000','5411171834498','증길동','0101231234',NULL,NULL,NULL,NULL,NULL),('0000001818','2022-08-31 16:07:56','00000000','9712041526919','모길동','0101231234',NULL,NULL,NULL,NULL,NULL),('0000001819','2022-08-31 16:07:56','00000000','8812041281893','원길동','0101231234',NULL,NULL,NULL,NULL,NULL),('0000001820','2022-08-31 16:07:56','00000000','7609141174562','하길동','0101231234',NULL,NULL,NULL,NULL,NULL),('0000001821','2022-08-31 16:07:56','00000000','8912131366749','안길동','0101231234',NULL,NULL,NULL,NULL,NULL),('0000001822','2022-08-31 16:07:56','00000000','5311232268439','주길동','0101231234',NULL,NULL,NULL,NULL,NULL),('0000001823','2022-08-31 16:07:56','00000000','5612211412543','전길동','0101231234',NULL,NULL,NULL,NULL,NULL),('0000001824','2022-08-31 16:07:56','00000000','9006112949661','왕길동','0101231234',NULL,NULL,NULL,NULL,NULL),('0000001825','2022-08-31 16:07:56','00000000','6812082867678','고길동','0101231234',NULL,NULL,NULL,NULL,NULL),('0000001826','2022-08-31 16:07:56','00000000','8807111598514','엄길동','0101231234',NULL,NULL,NULL,NULL,NULL),('0000001827','2022-08-31 16:07:56','00000000','8006181829344','전길동','0101231234',NULL,NULL,NULL,NULL,NULL),('0000001828','2022-08-31 16:07:56','00000000','1011134396416','형길동','0101231234',NULL,NULL,NULL,NULL,NULL),('0000001829','2022-08-31 16:07:56','00000000','9911031551488','낭길동','0101231234',NULL,NULL,NULL,NULL,NULL),('0000001830','2022-08-31 16:07:56','00000000','8712131854292','천길동','0101231234',NULL,NULL,NULL,NULL,NULL),('0000001831','2022-08-31 16:07:56','00000000','9511282732471','문길동','0101231234',NULL,NULL,NULL,NULL,NULL),('0000001832','2022-08-31 16:07:56','00000000','6312241756385','홍길동','0101231234',NULL,NULL,NULL,NULL,NULL),('0000001833','2022-08-31 16:07:56','00000000','9211022924274','방길동','0101231234',NULL,NULL,NULL,NULL,NULL),('0000001834','2022-08-31 16:07:56','00000000','9811272394832','사길동','0101231234',NULL,NULL,NULL,NULL,NULL),('0000001835','2022-08-31 16:07:56','00000000','7511231485515','지길동','0101231234',NULL,NULL,NULL,NULL,NULL),('0000001836','2022-08-31 16:07:56','00000000','8804092571352','함길동','0101231234',NULL,NULL,NULL,NULL,NULL),('0000001837','2022-08-31 16:07:56','00000000','9309161283475','국길동','0101231234',NULL,NULL,NULL,NULL,NULL),('0000001838','2022-08-31 16:07:56','00000000','5012181993184','강길동','0101231234',NULL,NULL,NULL,NULL,NULL),('0000001839','2022-08-31 16:07:56','00000000','1404254646282','국길동','0101231234',NULL,NULL,NULL,NULL,NULL),('0000001840','2022-08-31 16:07:56','00000000','5508161446134','영길동','0101231234',NULL,NULL,NULL,NULL,NULL),('0000001841','2022-08-31 16:07:56','00000000','9911112397527','양길동','0101231234',NULL,NULL,NULL,NULL,NULL),('0000001842','2022-08-31 16:07:56','00000000','6111142667233','피길동','0101231234',NULL,NULL,NULL,NULL,NULL),('0000001843','2022-08-31 16:07:56','00000000','6812091199434','뇌길동','0101231234',NULL,NULL,NULL,NULL,NULL),('0000001844','2022-08-31 16:07:56','00000000','7911172342957','양길동','0101231234',NULL,NULL,NULL,NULL,NULL),('0000001845','2022-08-31 16:07:56','00000000','8111192579948','음길동','0101231234',NULL,NULL,NULL,NULL,NULL),('0000001846','2022-08-31 16:07:56','00000000','8112242687293','애길동','0101231234',NULL,NULL,NULL,NULL,NULL),('0000001847','2022-08-31 16:07:56','00000000','6006221321912','유길동','0101231234',NULL,NULL,NULL,NULL,NULL),('0000001848','2022-08-31 16:07:56','00000000','5311041168571','허길동','0101231234',NULL,NULL,NULL,NULL,NULL),('0000001849','2022-08-31 16:07:56','00000000','6212062963145','수길동','0101231234',NULL,NULL,NULL,NULL,NULL),('0000001850','2022-08-31 16:07:56','00000000','8112042448421','만길동','0101231234',NULL,NULL,NULL,NULL,NULL),('0000001851','2022-08-31 16:07:56','00000000','9807141769654','춘길동','0101231234',NULL,NULL,NULL,NULL,NULL),('0000001852','2022-08-31 16:07:56','00000000','5411251972898','위길동','0101231234',NULL,NULL,NULL,NULL,NULL),('0000001853','2022-08-31 16:07:56','00000000','8602271563781','진길동','0101231234',NULL,NULL,NULL,NULL,NULL),('0000001854','2022-08-31 16:07:56','00000000','7811262183173','대길동','0101231234',NULL,NULL,NULL,NULL,NULL),('0000001855','2022-08-31 16:07:56','00000000','7412072486794','손길동','0101231234',NULL,NULL,NULL,NULL,NULL),('0000001856','2022-08-31 16:07:56','00000000','8612172568167','배길동','0101231234',NULL,NULL,NULL,NULL,NULL),('0000001857','2022-08-31 16:07:56','00000000','7012031559471','최길동','0101231234',NULL,NULL,NULL,NULL,NULL),('0000001858','2022-08-31 16:07:56','00000000','5905031951663','곽길동','0101231234',NULL,NULL,NULL,NULL,NULL),('0000001859','2022-08-31 16:07:56','00000000','1011124488393','미길동','0101231234',NULL,NULL,NULL,NULL,NULL),('0000001860','2022-08-31 16:07:56','00000000','8912111348191','이길동','0101231234',NULL,NULL,NULL,NULL,NULL),('0000001861','2022-08-31 16:07:56','00000000','6611041545927','황길동','0101231234',NULL,NULL,NULL,NULL,NULL),('0000001862','2022-08-31 16:07:56','00000000','7112231551383','소길동','0101231234',NULL,NULL,NULL,NULL,NULL),('0000001863','2022-08-31 16:07:56','00000000','7412061627945','누길동','0101231234',NULL,NULL,NULL,NULL,NULL),('0000001864','2022-08-31 16:07:56','00000000','9704281847368','점길동','0101231234',NULL,NULL,NULL,NULL,NULL),('0000001865','2022-08-31 16:07:56','00000000','7311011471316','독고길동','0101231234',NULL,NULL,NULL,NULL,NULL),('0000001866','2022-08-31 16:07:56','00000000','9612071172436','설길동','0101231234',NULL,NULL,NULL,NULL,NULL),('0000001867','2022-08-31 16:07:56','00000000','6304212978833','허길동','0101231234',NULL,NULL,NULL,NULL,NULL),('0000001868','2022-08-31 16:07:56','00000000','9812232417444','신길동','0101231234',NULL,NULL,NULL,NULL,NULL),('0000001869','2022-08-31 16:07:56','00000000','1108113756394','노길동','0101231234',NULL,NULL,NULL,NULL,NULL),('0000001870','2022-08-31 16:07:56','00000000','8512091336196','평길동','0101231234',NULL,NULL,NULL,NULL,NULL),('0000001871','2022-08-31 16:07:56','00000000','8201172767263','허길동','0101231234',NULL,NULL,NULL,NULL,NULL),('0000001872','2022-08-31 16:07:56','00000000','7011252325564','후길동','0101231234',NULL,NULL,NULL,NULL,NULL),('0000001873','2022-08-31 16:07:56','00000000','5612122645572','차길동','0101231234',NULL,NULL,NULL,NULL,NULL),('0000001874','2022-08-31 16:07:56','00000000','7111271625763','독고길동','0101231234',NULL,NULL,NULL,NULL,NULL),('0000001875','2022-08-31 16:07:56','00000000','1706264754846','묵길동','0101231234',NULL,NULL,NULL,NULL,NULL),('0000001876','2022-08-31 16:07:56','00000000','6806211482565','탁길동','0101231234',NULL,NULL,NULL,NULL,NULL),('0000001877','2022-08-31 16:07:56','00000000','8111252897767','궁길동','0101231234',NULL,NULL,NULL,NULL,NULL),('0000001878','2022-08-31 16:07:56','00000000','7512212588135','채길동','0101231234',NULL,NULL,NULL,NULL,NULL),('0000001879','2022-08-31 16:07:56','00000000','9212212614262','비길동','0101231234',NULL,NULL,NULL,NULL,NULL),('0000001880','2022-08-31 16:07:56','00000000','7211222999221','황길동','0101231234',NULL,NULL,NULL,NULL,NULL),('0000001881','2022-08-31 16:07:56','00000000','1708083853757','염길동','0101231234',NULL,NULL,NULL,NULL,NULL),('0000001882','2022-08-31 16:07:56','00000000','5404252233715','연길동','0101231234',NULL,NULL,NULL,NULL,NULL),('0000001883','2022-08-31 16:07:56','00000000','5811172243821','계길동','0101231234',NULL,NULL,NULL,NULL,NULL),('0000001884','2022-08-31 16:07:56','00000000','7212211331744','후길동','0101231234',NULL,NULL,NULL,NULL,NULL),('0000001885','2022-08-31 16:07:56','00000000','6411121786511','시길동','0101231234',NULL,NULL,NULL,NULL,NULL),('0000001886','2022-08-31 16:07:56','00000000','7311092298613','추길동','0101231234',NULL,NULL,NULL,NULL,NULL),('0000001887','2022-08-31 16:07:56','00000000','5911111321973','국길동','0101231234',NULL,NULL,NULL,NULL,NULL),('0000001888','2022-08-31 16:07:56','00000000','6104262579133','양길동','0101231234',NULL,NULL,NULL,NULL,NULL),('0000001889','2022-08-31 16:07:56','00000000','8711021234887','순길동','0101231234',NULL,NULL,NULL,NULL,NULL),('0000001890','2022-08-31 16:07:56','00000000','6703231658953','소봉길동','0101231234',NULL,NULL,NULL,NULL,NULL),('0000001891','2022-08-31 16:07:56','00000000','6709031721215','어금길동','0101231234',NULL,NULL,NULL,NULL,NULL),('0000001892','2022-08-31 16:07:56','00000000','6708222585731','필길동','0101231234',NULL,NULL,NULL,NULL,NULL),('0000001893','2022-08-31 16:07:56','00000000','1204043189663','윤길동','0101231234',NULL,NULL,NULL,NULL,NULL),('0000001894','2022-08-31 16:07:56','00000000','6411022521948','사길동','0101231234',NULL,NULL,NULL,NULL,NULL),('0000001895','2022-08-31 16:07:56','00000000','9212272896839','동길동','0101231234',NULL,NULL,NULL,NULL,NULL),('0000001896','2022-08-31 16:07:56','00000000','5311221395749','채길동','0101231234',NULL,NULL,NULL,NULL,NULL),('0000001897','2022-08-31 16:07:56','00000000','1011013946813','갈길동','0101231234',NULL,NULL,NULL,NULL,NULL),('0000001898','2022-08-31 16:07:56','00000000','9312131493777','흥길동','0101231234',NULL,NULL,NULL,NULL,NULL),('0000001899','2022-08-31 16:07:56','00000000','7911252543539','돈길동','0101231234',NULL,NULL,NULL,NULL,NULL),('0000001900','2022-08-31 16:07:56','00000000','7412171796323','종길동','0101231234',NULL,NULL,NULL,NULL,NULL),('0000001901','2022-08-31 16:07:56','00000000','7612191227583','수길동','0101231234',NULL,NULL,NULL,NULL,NULL),('0000001902','2022-08-31 16:07:56','00000000','8612291583685','호길동','0101231234',NULL,NULL,NULL,NULL,NULL),('0000001903','2022-08-31 16:07:56','00000000','9411171274156','곽길동','0101231234',NULL,NULL,NULL,NULL,NULL),('0000001904','2022-08-31 16:07:56','00000000','6303092562897','방길동','0101231234',NULL,NULL,NULL,NULL,NULL),('0000001905','2022-08-31 16:07:56','00000000','1511033748137','이길동','0101231234',NULL,NULL,NULL,NULL,NULL),('0000001906','2022-08-31 16:07:56','00000000','1104053779241','예길동','0101231234',NULL,NULL,NULL,NULL,NULL),('0000001907','2022-08-31 16:07:56','00000000','5007262279147','화길동','0101231234',NULL,NULL,NULL,NULL,NULL),('0000001908','2022-08-31 16:07:56','00000000','7111281354794','옹길동','0101231234',NULL,NULL,NULL,NULL,NULL),('0000001909','2022-08-31 16:07:56','00000000','6905151798296','반길동','0101231234',NULL,NULL,NULL,NULL,NULL),('0000001910','2022-08-31 16:07:56','00000000','1609023215248','사길동','0101231234',NULL,NULL,NULL,NULL,NULL),('0000001911','2022-08-31 16:07:56','00000000','1501053444945','설길동','0101231234',NULL,NULL,NULL,NULL,NULL),('0000001912','2022-08-31 16:07:56','00000000','5112161275635','근길동','0101231234',NULL,NULL,NULL,NULL,NULL),('0000001913','2022-08-31 16:07:56','00000000','8211212121624','봉길동','0101231234',NULL,NULL,NULL,NULL,NULL),('0000001914','2022-08-31 16:07:56','00000000','7211141823612','어길동','0101231234',NULL,NULL,NULL,NULL,NULL),('0000001915','2022-08-31 16:07:56','00000000','7011152565891','강길동','0101231234',NULL,NULL,NULL,NULL,NULL),('0000001916','2022-08-31 16:07:56','00000000','8411192381417','판길동','0101231234',NULL,NULL,NULL,NULL,NULL),('0000001917','2022-08-31 16:07:56','00000000','6512222666686','영길동','0101231234',NULL,NULL,NULL,NULL,NULL),('0000001918','2022-08-31 16:07:56','00000000','8009151682162','송길동','0101231234',NULL,NULL,NULL,NULL,NULL),('0000001919','2022-08-31 16:07:56','00000000','6311181929874','내길동','0101231234',NULL,NULL,NULL,NULL,NULL),('0000001920','2022-08-31 16:07:56','00000000','6703221475397','장길동','0101231234',NULL,NULL,NULL,NULL,NULL),('0000001921','2022-08-31 16:07:56','00000000','1011144931947','견길동','0101231234',NULL,NULL,NULL,NULL,NULL),('0000001922','2022-08-31 16:07:56','00000000','7201111156736','석길동','0101231234',NULL,NULL,NULL,NULL,NULL),('0000001923','2022-08-31 16:07:56','00000000','7911281682363','순길동','0101231234',NULL,NULL,NULL,NULL,NULL),('0000001924','2022-08-31 16:07:56','00000000','5603182438555','공길동','0101231234',NULL,NULL,NULL,NULL,NULL),('0000001925','2022-08-31 16:07:56','00000000','8912122958656','섭길동','0101231234',NULL,NULL,NULL,NULL,NULL),('0000001926','2022-08-31 16:07:56','00000000','9712281921496','흥길동','0101231234',NULL,NULL,NULL,NULL,NULL),('0000001927','2022-08-31 16:07:56','00000000','9411012734626','구길동','0101231234',NULL,NULL,NULL,NULL,NULL),('0000001928','2022-08-31 16:07:56','00000000','6312272516684','망절길동','0101231234',NULL,NULL,NULL,NULL,NULL),('0000001929','2022-08-31 16:07:56','00000000','6105092751173','구길동','0101231234',NULL,NULL,NULL,NULL,NULL),('0000001930','2022-08-31 16:07:56','00000000','9311132586827','곽길동','0101231234',NULL,NULL,NULL,NULL,NULL),('0000001931','2022-08-31 16:07:56','00000000','8602262378663','순길동','0101231234',NULL,NULL,NULL,NULL,NULL),('0000001932','2022-08-31 16:07:56','00000000','1112134692185','증길동','0101231234',NULL,NULL,NULL,NULL,NULL),('0000001933','2022-08-31 16:07:56','00000000','8712032111835','교길동','0101231234',NULL,NULL,NULL,NULL,NULL),('0000001934','2022-08-31 16:07:56','00000000','5505121416175','독고길동','0101231234',NULL,NULL,NULL,NULL,NULL),('0000001935','2022-08-31 16:07:56','00000000','7508012849796','미길동','0101231234',NULL,NULL,NULL,NULL,NULL),('0000001936','2022-08-31 16:07:56','00000000','6211031721591','낭길동','0101231234',NULL,NULL,NULL,NULL,NULL),('0000001937','2022-08-31 16:07:56','00000000','5211011455321','서길동','0101231234',NULL,NULL,NULL,NULL,NULL),('0000001938','2022-08-31 16:07:56','00000000','6112162228325','간길동','0101231234',NULL,NULL,NULL,NULL,NULL),('0000001939','2022-08-31 16:07:56','00000000','9202281999253','연길동','0101231234',NULL,NULL,NULL,NULL,NULL),('0000001940','2022-08-31 16:07:56','00000000','7005141584876','근길동','0101231234',NULL,NULL,NULL,NULL,NULL),('0000001941','2022-08-31 16:07:56','00000000','1512254898788','시길동','0101231234',NULL,NULL,NULL,NULL,NULL),('0000001942','2022-08-31 16:07:56','00000000','8412151968195','염길동','0101231234',NULL,NULL,NULL,NULL,NULL),('0000001943','2022-08-31 16:07:56','00000000','5812051649518','사공길동','0101231234',NULL,NULL,NULL,NULL,NULL),('0000001944','2022-08-31 16:07:56','00000000','6712041344123','돈길동','0101231234',NULL,NULL,NULL,NULL,NULL),('0000001945','2022-08-31 16:07:56','00000000','5903182564212','남궁길동','0101231234',NULL,NULL,NULL,NULL,NULL),('0000001946','2022-08-31 16:07:56','00000000','6203041226283','엽길동','0101231234',NULL,NULL,NULL,NULL,NULL),('0000001947','2022-08-31 16:07:56','00000000','5008042161917','승길동','0101231234',NULL,NULL,NULL,NULL,NULL),('0000001948','2022-08-31 16:07:56','00000000','6312241438615','원길동','0101231234',NULL,NULL,NULL,NULL,NULL),('0000001949','2022-08-31 16:07:56','00000000','8011292816282','채길동','0101231234',NULL,NULL,NULL,NULL,NULL),('0000001950','2022-08-31 16:07:56','00000000','5512291713623','국길동','0101231234',NULL,NULL,NULL,NULL,NULL),('0000001951','2022-08-31 16:07:56','00000000','8111042621811','개길동','0101231234',NULL,NULL,NULL,NULL,NULL),('0000001952','2022-08-31 16:07:56','00000000','9109021917726','원길동','0101231234',NULL,NULL,NULL,NULL,NULL),('0000001953','2022-08-31 16:07:56','00000000','5712162553693','서문길동','0101231234',NULL,NULL,NULL,NULL,NULL),('0000001954','2022-08-31 16:07:56','00000000','9012262521477','육길동','0101231234',NULL,NULL,NULL,NULL,NULL),('0000001955','2022-08-31 16:07:56','00000000','8511051637227','전길동','0101231234',NULL,NULL,NULL,NULL,NULL),('0000001956','2022-08-31 16:07:56','00000000','7005172894984','뇌길동','0101231234',NULL,NULL,NULL,NULL,NULL),('0000001957','2022-08-31 16:07:56','00000000','8812282987167','허길동','0101231234',NULL,NULL,NULL,NULL,NULL),('0000001958','2022-08-31 16:07:56','00000000','8112142942257','태길동','0101231234',NULL,NULL,NULL,NULL,NULL),('0000001959','2022-08-31 16:07:56','00000000','7102222333653','초길동','0101231234',NULL,NULL,NULL,NULL,NULL),('0000001960','2022-08-31 16:07:56','00000000','7812262911945','모길동','0101231234',NULL,NULL,NULL,NULL,NULL),('0000001961','2022-08-31 16:07:56','00000000','6804142324258','국길동','0101231234',NULL,NULL,NULL,NULL,NULL),('0000001962','2022-08-31 16:07:56','00000000','7412221857648','문길동','0101231234',NULL,NULL,NULL,NULL,NULL),('0000001963','2022-08-31 16:07:56','00000000','6201012229383','아길동','0101231234',NULL,NULL,NULL,NULL,NULL),('0000001964','2022-08-31 16:07:56','00000000','7611191618695','천길동','0101231234',NULL,NULL,NULL,NULL,NULL),('0000001965','2022-08-31 16:07:56','00000000','7112172639349','즙길동','0101231234',NULL,NULL,NULL,NULL,NULL),('0000001966','2022-08-31 16:07:56','00000000','7012071595656','여길동','0101231234',NULL,NULL,NULL,NULL,NULL),('0000001967','2022-08-31 16:07:56','00000000','1609063151164','남궁길동','0101231234',NULL,NULL,NULL,NULL,NULL),('0000001968','2022-08-31 16:07:56','00000000','5311212231418','채길동','0101231234',NULL,NULL,NULL,NULL,NULL),('0000001969','2022-08-31 16:07:56','00000000','8612061123783','소길동','0101231234',NULL,NULL,NULL,NULL,NULL),('0000001970','2022-08-31 16:07:56','00000000','6911051875736','어길동','0101231234',NULL,NULL,NULL,NULL,NULL),('0000001971','2022-08-31 16:07:56','00000000','6012051119293','노길동','0101231234',NULL,NULL,NULL,NULL,NULL),('0000001972','2022-08-31 16:07:56','00000000','9712022843421','옹길동','0101231234',NULL,NULL,NULL,NULL,NULL),('0000001973','2022-08-31 16:07:56','00000000','7508222239651','두길동','0101231234',NULL,NULL,NULL,NULL,NULL),('0000001974','2022-08-31 16:07:56','00000000','7312271424247','류길동','0101231234',NULL,NULL,NULL,NULL,NULL),('0000001975','2022-08-31 16:07:56','00000000','1907043645227','승길동','0101231234',NULL,NULL,NULL,NULL,NULL),('0000001976','2022-08-31 16:07:56','00000000','8701112276674','권길동','0101231234',NULL,NULL,NULL,NULL,NULL),('0000001977','2022-08-31 16:07:56','00000000','1011294634618','홍길동','0101231234',NULL,NULL,NULL,NULL,NULL),('0000001978','2022-08-31 16:07:56','00000000','6511041227897','구길동','0101231234',NULL,NULL,NULL,NULL,NULL),('0000001979','2022-08-31 16:07:56','00000000','7711091968527','창길동','0101231234',NULL,NULL,NULL,NULL,NULL),('0000001980','2022-08-31 16:07:56','00000000','6009142759282','학길동','0101231234',NULL,NULL,NULL,NULL,NULL),('0000001981','2022-08-31 16:07:56','00000000','8311181116638','시길동','0101231234',NULL,NULL,NULL,NULL,NULL),('0000001982','2022-08-31 16:07:56','00000000','9901151448279','초길동','0101231234',NULL,NULL,NULL,NULL,NULL),('0000001983','2022-08-31 16:07:56','00000000','7912012497721','승길동','0101231234',NULL,NULL,NULL,NULL,NULL),('0000001984','2022-08-31 16:07:56','00000000','6512082368743','심길동','0101231234',NULL,NULL,NULL,NULL,NULL),('0000001985','2022-08-31 16:07:56','00000000','7306192683152','상길동','0101231234',NULL,NULL,NULL,NULL,NULL),('0000001986','2022-08-31 16:07:56','00000000','6612251322447','이길동','0101231234',NULL,NULL,NULL,NULL,NULL),('0000001987','2022-08-31 16:07:56','00000000','8912161456336','설길동','0101231234',NULL,NULL,NULL,NULL,NULL),('0000001988','2022-08-31 16:07:56','00000000','9212021474219','어금길동','0101231234',NULL,NULL,NULL,NULL,NULL),('0000001989','2022-08-31 16:07:56','00000000','6611232213739','강길동','0101231234',NULL,NULL,NULL,NULL,NULL),('0000001990','2022-08-31 16:07:56','00000000','7906051537585','성길동','0101231234',NULL,NULL,NULL,NULL,NULL),('0000001991','2022-08-31 16:07:56','00000000','6302172411671','곽길동','0101231234',NULL,NULL,NULL,NULL,NULL),('0000001992','2022-08-31 16:07:56','00000000','7611162882918','당길동','0101231234',NULL,NULL,NULL,NULL,NULL),('0000001993','2022-08-31 16:07:56','00000000','5602022536186','화길동','0101231234',NULL,NULL,NULL,NULL,NULL),('0000001994','2022-08-31 16:07:56','00000000','5003181155459','우길동','0101231234',NULL,NULL,NULL,NULL,NULL),('0000001995','2022-08-31 16:07:56','00000000','1512073141936','뇌길동','0101231234',NULL,NULL,NULL,NULL,NULL),('0000001996','2022-08-31 16:07:56','00000000','1212174552936','도길동','0101231234',NULL,NULL,NULL,NULL,NULL),('0000001997','2022-08-31 16:07:56','00000000','8012151817345','황보길동','0101231234',NULL,NULL,NULL,NULL,NULL),('0000001998','2022-08-31 16:07:56','00000000','9203122439452','양길동','0101231234',NULL,NULL,NULL,NULL,NULL),('0000001999','2022-08-31 16:07:56','00000000','5109252915541','대길동','0101231234',NULL,NULL,NULL,NULL,NULL),('0000002000','2022-08-31 16:07:56','00000000','8512272432918','부길동','0101231234',NULL,NULL,NULL,NULL,NULL),('2','2022-08-31 16:07:56','00000000','6511022753471','비길동','0101231234',NULL,NULL,NULL,NULL,NULL),('3','2022-08-31 16:07:56','00000000','6712172898952','풍길동','0101231234',NULL,NULL,NULL,NULL,NULL),('4','2022-08-31 16:07:56','00000000','5102042646552','정길동','0101231234',NULL,NULL,NULL,NULL,NULL),('5','2022-08-31 16:07:56','00000000','1011124488393','미길동','0101231234',NULL,NULL,NULL,NULL,NULL),('9999999999','2022-08-31 16:07:56','00000000','7812032893816','한길동','0101231234',NULL,NULL,NULL,NULL,NULL);
/*!40000 ALTER TABLE `tbcsb0001` ENABLE KEYS */;
UNLOCK TABLES;

--
-- Table structure for table `tbcsb0002`
--

DROP TABLE IF EXISTS `tbcsb0002`;
/*!40101 SET @saved_cs_client     = @@character_set_client */;
/*!50503 SET character_set_client = utf8mb4 */;
CREATE TABLE `tbcsb0002` (
  `POLI_NO` varchar(10) NOT NULL,
  `CUST_ID` char(10) NOT NULL,
  `CUST_CNTR_RTPY` varchar(2) NOT NULL,
  `IPDTM` timestamp NOT NULL DEFAULT CURRENT_TIMESTAMP ON UPDATE CURRENT_TIMESTAMP,
  `INPP_CD` varchar(8) NOT NULL,
  PRIMARY KEY (`POLI_NO`,`CUST_ID`,`CUST_CNTR_RTPY`)
) ENGINE=InnoDB DEFAULT CHARSET=utf8mb3;
/*!40101 SET character_set_client = @saved_cs_client */;

--
-- Dumping data for table `tbcsb0002`
--

LOCK TABLES `tbcsb0002` WRITE;
/*!40000 ALTER TABLE `tbcsb0002` DISABLE KEYS */;
INSERT INTO `tbcsb0002` VALUES ('1000000000','0000000001','01','2022-08-30 01:00:49','0111111');
/*!40000 ALTER TABLE `tbcsb0002` ENABLE KEYS */;
UNLOCK TABLES;

--
-- Table structure for table `tbcsb0101`
--

DROP TABLE IF EXISTS `tbcsb0101`;
/*!40101 SET @saved_cs_client     = @@character_set_client */;
/*!50503 SET character_set_client = utf8mb4 */;
CREATE TABLE `tbcsb0101` (
  `ACD_ACNO` varchar(10) NOT NULL,
  `ACD_ACPT_DOC_DCD` varchar(2) NOT NULL,
  `IPDTM` timestamp NOT NULL DEFAULT CURRENT_TIMESTAMP ON UPDATE CURRENT_TIMESTAMP,
  `INPP_CD` varchar(8) NOT NULL,
  `ATCG_FILE_NM` varchar(100) DEFAULT NULL,
  `ATCG_FILE_PATH_NM` varchar(255) DEFAULT NULL,
  PRIMARY KEY (`ACD_ACNO`,`ACD_ACPT_DOC_DCD`)
) ENGINE=InnoDB DEFAULT CHARSET=utf8mb3;
/*!40101 SET character_set_client = @saved_cs_client */;

--
-- Dumping data for table `tbcsb0101`
--

LOCK TABLES `tbcsb0101` WRITE;
/*!40000 ALTER TABLE `tbcsb0101` DISABLE KEYS */;
INSERT INTO `tbcsb0101` VALUES ('4','00','2022-09-19 07:36:33','00000000','C:\\fakepath\\AppleMobileDeviceSupport64.msi','C:\\fakepath\\AppleMobileDeviceSupport64.msi'),('6001','00','2022-08-31 04:30:15','00000000','C:\\fakepath\\MSA구현테스트_결제취소추가문서.rtf','C:\\fakepath\\MSA구현테스트_결제취소추가문서.rtf'),('7001','00','2022-09-06 00:45:04','00000000','C:\\fakepath\\2.jfif','C:\\fakepath\\2.jfif'),('7002','00','2022-09-06 01:06:30','00000000','C:\\fakepath\\2.jfif','C:\\fakepath\\2.jfif'),('8004','00','2022-09-16 06:55:52','00000000','C:\\fakepath\\2.jfif','C:\\fakepath\\2.jfif');
/*!40000 ALTER TABLE `tbcsb0101` ENABLE KEYS */;
UNLOCK TABLES;

--
-- Table structure for table `tbnbb0001`
--

DROP TABLE IF EXISTS `tbnbb0001`;
/*!40101 SET @saved_cs_client     = @@character_set_client */;
/*!50503 SET character_set_client = utf8mb4 */;
CREATE TABLE `tbnbb0001` (
  `POLI_NO` varchar(10) NOT NULL,
  `PLCD` varchar(5) DEFAULT NULL,
  `PDNM` varchar(100) DEFAULT NULL,
  `CTRDT` char(8) DEFAULT NULL,
  `EXDT` char(8) DEFAULT NULL,
  `CSCD` char(2) DEFAULT NULL,
  `CNTR_DTL_SCD` char(4) DEFAULT NULL,
  `RVCY_CD` varchar(2) DEFAULT NULL,
  `RVST_CD` varchar(2) DEFAULT NULL,
  `TPRM` bigint DEFAULT NULL,
  `IPDTM` timestamp NOT NULL DEFAULT CURRENT_TIMESTAMP ON UPDATE CURRENT_TIMESTAMP,
  `INPP_CD` varchar(8) NOT NULL,
  `NOT_SMOK_DCYN` varchar(1) DEFAULT NULL,
  `VCN_INCL_DCYN` varchar(1) DEFAULT NULL,
  `MNYC_CBRT_DCYN` varchar(1) DEFAULT NULL,
  `MNYC_DC_PCNT` int DEFAULT NULL,
  `VCN_INCL_DT` varchar(8) DEFAULT NULL,
  `NOT_SMOK_DIAG_DT` varchar(8) DEFAULT NULL,
  PRIMARY KEY (`POLI_NO`)
) ENGINE=InnoDB DEFAULT CHARSET=utf8mb3;
/*!40101 SET character_set_client = @saved_cs_client */;

--
-- Dumping data for table `tbnbb0001`
--

LOCK TABLES `tbnbb0001` WRITE;
/*!40000 ALTER TABLE `tbnbb0001` DISABLE KEYS */;
INSERT INTO `tbnbb0001` VALUES ('0000000001','11111','테스트','20210101','','30','3001','01','01',100000,'2022-09-20 04:23:25','00000000',NULL,NULL,NULL,NULL,NULL,NULL),('1000000000','11111','테스트','20210101','','30','3001','01','01',100000,'2022-09-20 04:23:25','00000000',NULL,NULL,NULL,NULL,NULL,NULL),('1000000002','11111','테스트','20210101','','30','3001','01','01',100000,'2022-09-20 04:23:25','00000000',NULL,NULL,NULL,NULL,NULL,NULL),('1000000003','11111','테스트','20210101','','30','3001','01','01',100000,'2022-09-20 04:23:25','00000000',NULL,NULL,NULL,NULL,NULL,NULL),('1000000004','11111','테스트','20210101','','30','3001','01','01',100000,'2022-09-20 04:23:25','00000000',NULL,NULL,NULL,NULL,NULL,NULL),('1000000005','11111','테스트','20210101','','30','3001','01','01',100000,'2022-09-20 04:23:25','00000000',NULL,NULL,NULL,NULL,NULL,NULL),('1000000006','11111','테스트','20210101','','30','3001','01','01',100000,'2022-09-20 04:23:25','00000000',NULL,NULL,NULL,NULL,NULL,NULL),('1000000007','11111','테스트','20210101','','30','3001','01','01',100000,'2022-09-20 04:23:25','00000000',NULL,NULL,NULL,NULL,NULL,NULL),('1000000008','11111','테스트','20210101','','30','3001','01','01',100000,'2022-09-20 04:23:25','00000000',NULL,NULL,NULL,NULL,NULL,NULL),('1000000009','11111','테스트','20210101','','30','3001','01','01',100000,'2022-09-20 04:23:25','00000000',NULL,NULL,NULL,NULL,NULL,NULL),('1000000010','11111','테스트','20210101','','30','3001','01','01',100000,'2022-09-20 04:23:25','00000000',NULL,NULL,NULL,NULL,NULL,NULL),('1000000011','11111','테스트','20210101','','30','3001','01','01',100000,'2022-09-20 04:23:25','00000000',NULL,NULL,NULL,NULL,NULL,NULL),('1000000012','11111','테스트','20210101','','30','3001','01','01',100000,'2022-09-20 04:23:25','00000000',NULL,NULL,NULL,NULL,NULL,NULL),('1000000013','11111','테스트','20210101','','30','3001','01','01',100000,'2022-09-20 04:23:25','00000000',NULL,NULL,NULL,NULL,NULL,NULL);
/*!40000 ALTER TABLE `tbnbb0001` ENABLE KEYS */;
UNLOCK TABLES;

--
-- Table structure for table `tbnbb0002`
--

DROP TABLE IF EXISTS `tbnbb0002`;
/*!40101 SET @saved_cs_client     = @@character_set_client */;
/*!50503 SET character_set_client = utf8mb4 */;
CREATE TABLE `tbnbb0002` (
  `MCTR_TRT_ID` varchar(20) NOT NULL,
  `POLI_NO` varchar(10) NOT NULL,
  `PLICD` varchar(5) DEFAULT NULL,
  `PITM_NM` varchar(100) DEFAULT NULL,
  `PITM_DCD` varchar(2) DEFAULT NULL,
  `ISPRD_DCD` varchar(2) DEFAULT NULL,
  `ISPRD_DVVL` int DEFAULT NULL,
  `ISPRD` int DEFAULT NULL,
  `RVCY_CD` varchar(2) DEFAULT NULL,
  `RVPD_DCD` varchar(2) DEFAULT NULL,
  `RVPD_DVVL` int DEFAULT NULL,
  `RVPD` int DEFAULT NULL,
  `MTDT` char(8) DEFAULT NULL,
  `NTRY_AMT` bigint DEFAULT NULL,
  `PRM` bigint DEFAULT NULL,
  `CTRDT` char(8) DEFAULT NULL,
  `EXDT` char(8) DEFAULT NULL,
  `ND2_ISPRD_OPDT` char(8) DEFAULT NULL,
  `IPDTM` timestamp NOT NULL DEFAULT CURRENT_TIMESTAMP ON UPDATE CURRENT_TIMESTAMP,
  `INPP_CD` varchar(8) NOT NULL,
  `LSTRV_NBTM` int DEFAULT NULL,
  `LSTRV_YM` char(6) DEFAULT NULL,
  `LSTRV_DT` char(8) DEFAULT NULL,
  PRIMARY KEY (`MCTR_TRT_ID`)
) ENGINE=InnoDB DEFAULT CHARSET=utf8mb3;
/*!40101 SET character_set_client = @saved_cs_client */;

--
-- Dumping data for table `tbnbb0002`
--

LOCK TABLES `tbnbb0002` WRITE;
/*!40000 ALTER TABLE `tbnbb0002` DISABLE KEYS */;
INSERT INTO `tbnbb0002` VALUES ('00000000000000000001','1000000000','11111','보종11111','01','1',1,1,'00','2',2,2,'20300101',1000000,500,'20190707',NULL,NULL,'2022-10-18 05:16:18','00000000',NULL,NULL,NULL),('00000000000000000002','1000000000','22222','보종22222','02','1',1,1,'00','2',2,2,'20300101',1000000,500,'20190707',NULL,NULL,'2022-10-18 05:16:18','00000000',NULL,NULL,NULL),('00000000200000000001','1000000002','10000','보종10000','01','1',1,1,'00','2',2,2,'20300101',1000000,500,'20190707',NULL,NULL,'2022-10-18 05:16:18','00000000',NULL,NULL,NULL),('00000000200000000002','1000000002','20001','보종20001','01','1',1,1,'00','2',2,2,'20300101',1000000,500,'20190707',NULL,NULL,'2022-10-18 05:16:18','00000000',NULL,NULL,'2'),('00000000200000000003','1000000002','20002','보종20002','01','1',1,1,'00','2',2,2,'20300101',1000000,500,'20190707',NULL,NULL,'2022-10-18 05:16:18','00000000',NULL,NULL,NULL),('00000000300000000001','1000000003','10000','보종10000','01','1',1,1,'00','2',2,2,'20300101',1000000,500,'20190707',NULL,NULL,'2022-10-18 05:16:18','00000000',NULL,NULL,NULL),('00000000300000000002','1000000003','20001','보종20001','01','1',1,1,'00','2',2,2,'20300101',1000000,500,'20190707',NULL,NULL,'2022-10-18 05:16:18','00000000',NULL,NULL,NULL),('00000000300000000003','1000000003','20002','보종20002','01','1',1,1,'00','2',2,2,'20300101',1000000,500,'20190707',NULL,NULL,'2022-10-18 05:16:18','00000000',NULL,NULL,NULL),('00000000300000000004','1000000003','20003','보종20003','01','1',1,1,'00','2',2,2,'20300101',1000000,500,'20190707',NULL,NULL,'2022-10-18 05:16:18','00000000',NULL,NULL,NULL),('00000000400000000001','1000000004','10000','보종10000','01','1',1,1,'00','2',2,2,'20300101',1000000,500,'20190707',NULL,NULL,'2022-10-18 05:16:18','00000000',NULL,NULL,NULL),('00000000400000000002','1000000004','20001','보종20001','01','1',1,1,'00','2',2,2,'20300101',1000000,500,'20190707',NULL,NULL,'2022-10-18 05:16:18','00000000',NULL,NULL,NULL),('00000000400000000003','1000000004','20002','보종20002','01','1',1,1,'00','2',2,2,'20300101',1000000,500,'20190707',NULL,NULL,'2022-10-18 05:16:18','00000000',NULL,NULL,NULL),('00000000500000000001','1000000005','10000','보종10000','01','1',1,1,'00','2',2,2,'20300101',1000000,500,'20190707',NULL,NULL,'2022-10-18 05:16:18','00000000',NULL,NULL,NULL),('00000000500000000002','1000000005','20001','보종20001','01','1',1,1,'00','2',2,2,'20300101',1000000,500,'20190707',NULL,NULL,'2022-10-18 05:16:18','00000000',NULL,NULL,NULL),('00000000500000000003','1000000005','20002','보종20002','01','1',1,1,'00','2',2,2,'20300101',1000000,500,'20190707',NULL,NULL,'2022-10-18 05:16:18','00000000',NULL,NULL,NULL),('00000000600000000001','1000000006','10000','보종10000','01','1',1,1,'00','2',2,2,'20300101',1000000,500,'20190707',NULL,NULL,'2022-10-18 05:16:18','00000000',NULL,NULL,NULL),('00000000600000000002','1000000006','20001','보종20001','01','1',1,1,'00','2',2,2,'20300101',1000000,500,'20190707',NULL,NULL,'2022-10-18 05:16:18','00000000',NULL,NULL,NULL),('00000000600000000003','1000000006','20002','보종20002','01','1',1,1,'00','2',2,2,'20300101',1000000,500,'20190707',NULL,NULL,'2022-10-18 05:16:18','00000000',NULL,NULL,NULL),('00000000600000000004','1000000006','20003','보종20003','01','1',1,1,'00','2',2,2,'20300101',1000000,500,'20190707',NULL,NULL,'2022-10-18 05:16:18','00000000',NULL,NULL,NULL),('00000000700000000001','1000000007','10000','보종10000','01','1',1,1,'00','2',2,2,'20300101',1000000,500,'20190707',NULL,NULL,'2022-10-18 05:16:18','00000000',NULL,NULL,NULL),('00000000700000000002','1000000007','20001','보종20001','01','1',1,1,'00','2',2,2,'20300101',1000000,500,'20190707',NULL,NULL,'2022-10-18 05:16:18','00000000',NULL,NULL,NULL),('00000000700000000003','1000000007','20002','보종20002','01','1',1,1,'00','2',2,2,'20300101',1000000,500,'20190707',NULL,NULL,'2022-10-18 05:16:18','00000000',NULL,NULL,NULL),('00000000700000000004','1000000007','20003','보종20003','01','1',1,1,'00','2',2,2,'20300101',1000000,500,'20190707',NULL,NULL,'2022-10-18 05:16:18','00000000',NULL,NULL,NULL),('00000000800000000001','1000000008','10000','보종10000','01','1',1,1,'00','2',2,2,'20300101',1000000,500,'20190707',NULL,NULL,'2022-10-18 05:16:18','00000000',NULL,NULL,NULL),('00000000800000000002','1000000008','20001','보종20001','01','1',1,1,'00','2',2,2,'20300101',1000000,500,'20190707',NULL,NULL,'2022-10-18 05:16:18','00000000',NULL,NULL,NULL),('00000000900000000001','1000000009','10000','보종10000','01','1',1,1,'00','2',2,2,'20300101',1000000,500,'20190707',NULL,NULL,'2022-10-18 05:16:18','00000000',NULL,NULL,NULL),('00000000900000000002','1000000009','20001','보종20001','01','1',1,1,'00','2',2,2,'20300101',1000000,500,'20190707',NULL,NULL,'2022-10-18 05:16:18','00000000',NULL,NULL,NULL),('00000000900000000003','1000000009','20002','보종20002','01','1',1,1,'00','2',2,2,'20300101',1000000,500,'20190707',NULL,NULL,'2022-10-18 05:16:18','00000000',NULL,NULL,NULL);
/*!40000 ALTER TABLE `tbnbb0002` ENABLE KEYS */;
UNLOCK TABLES;

--
-- Table structure for table `tbnbb0003`
--

DROP TABLE IF EXISTS `tbnbb0003`;
/*!40101 SET @saved_cs_client     = @@character_set_client */;
/*!50503 SET character_set_client = utf8mb4 */;
CREATE TABLE `tbnbb0003` (
  `CUST_ID` char(10) NOT NULL,
  `CUST_CNTR_RTPY` varchar(2) NOT NULL,
  `POLI_NO` varchar(10) NOT NULL,
  `NTRY_AGE` int DEFAULT NULL,
  `JOBCD` varchar(6) DEFAULT NULL,
  `RISK_HOBY_CD` varchar(2) DEFAULT NULL,
  `DRVG_CARTP_CD` varchar(2) DEFAULT NULL,
  `IPDTM` timestamp NOT NULL DEFAULT CURRENT_TIMESTAMP ON UPDATE CURRENT_TIMESTAMP,
  `INPP_CD` varchar(8) NOT NULL,
  `PRFP_DSTRT` int DEFAULT NULL,
  PRIMARY KEY (`CUST_ID`,`CUST_CNTR_RTPY`,`POLI_NO`)
) ENGINE=InnoDB DEFAULT CHARSET=utf8mb3;
/*!40101 SET character_set_client = @saved_cs_client */;

--
-- Dumping data for table `tbnbb0003`
--

LOCK TABLES `tbnbb0003` WRITE;
/*!40000 ALTER TABLE `tbnbb0003` DISABLE KEYS */;
INSERT INTO `tbnbb0003` VALUES ('0000000001','11','1000000000',20,'111111','1','2','2022-09-21 05:10:46','00000000',NULL),('0000000001','11','1000000002',20,'111111','1','2','2022-10-17 07:08:30','00000000',NULL),('0000000001','21','1000000002',19,'222222','1','3','2022-10-17 07:08:30','00000000',NULL),('0000000001','31','1000000002',30,'333333','1','4','2022-10-17 07:08:30','00000000',NULL),('0000000002','21','1000000000',19,'222222','1','3','2022-09-21 05:10:46','00000000',NULL),('0000000003','31','1000000000',30,'333333','1','4','2022-09-21 05:10:46','00000000',NULL),('0000000101','11','1000000003',20,'111111','1','2','2022-09-21 05:10:46','00000000',3),('0000000101','11','1000000004',20,'111111','1','2','2022-09-21 05:10:46','00000000',3),('0000000102','21','1000000003',19,'222222','1','3','2022-09-21 05:10:46','00000000',NULL),('0000000102','21','1000000004',19,'222222','1','3','2022-09-21 05:10:46','00000000',NULL),('0000000103','31','1000000003',30,'333333','1','4','2022-09-21 05:10:46','00000000',NULL),('0000000103','31','1000000004',30,'333333','1','4','2022-09-21 05:10:46','00000000',NULL),('0000000104','11','1000000005',20,'111111','1','2','2022-09-21 05:10:46','00000000',3),('0000000104','21','1000000005',19,'222222','1','3','2022-09-21 05:10:46','00000000',NULL),('0000000104','31','1000000005',30,'333333','1','4','2022-09-21 05:10:46','00000000',NULL),('0000000105','11','1000000006',20,'111111','1','2','2022-09-21 05:10:46','00000000',3),('0000000105','21','1000000006',19,'222222','1','3','2022-09-21 05:10:46','00000000',NULL),('0000000105','31','1000000006',30,'333333','1','4','2022-09-21 05:10:46','00000000',NULL),('9999999999','22','1000000000',0,'99999','0','0','2022-09-27 01:27:59','00000000',NULL);
/*!40000 ALTER TABLE `tbnbb0003` ENABLE KEYS */;
UNLOCK TABLES;


DROP TABLE IF EXISTS `tbnbb2011`;
/*!40101 SET @saved_cs_client     = @@character_set_client */;
/*!50503 SET character_set_client = utf8mb4 */;
CREATE TABLE `tbnbb2011` (
  `POLI_NO` varchar(10) NOT NULL,
  `VAR_FND_KDCD` varchar(4) NOT NULL,
  `VAR_INPT_DCD` varchar(1) NOT NULL,
  `IPDTM` timestamp NOT NULL DEFAULT CURRENT_TIMESTAMP ON UPDATE CURRENT_TIMESTAMP,
  `INPP_CD` varchar(8) NOT NULL,
  `FND_DSTRT` int DEFAULT NULL,
  PRIMARY KEY (`POLI_NO`,`VAR_FND_KDCD`,`VAR_INPT_DCD`)
) ENGINE=InnoDB DEFAULT CHARSET=utf8mb3;
/*!40101 SET character_set_client = @saved_cs_client */;

--
-- Dumping data for table `tbnbb2011`
--
LOCK TABLES `tbnbb2011` WRITE;
/*!40000 ALTER TABLE `tbnbb2011` DISABLE KEYS */;
INSERT INTO `tbnbb2011` VALUES ('1000000000','W610','1','2022-10-18 05:48:11','00000000',50),('1000000000','W610','2','2022-10-18 05:48:11','00000000',50),('1000000000','W704','1','2022-10-18 05:48:11','00000000',50),('1000000000','W704','2','2022-10-18 05:48:11','00000000',50);
/*!40000 ALTER TABLE `tbnbb2011` ENABLE KEYS */;
UNLOCK TABLES;
/*!40103 SET TIME_ZONE=@OLD_TIME_ZONE */;

--
-- Table structure for table `tbpcb0001`
--

DROP TABLE IF EXISTS `tbpcb0001`;
/*!40101 SET @saved_cs_client     = @@character_set_client */;
/*!50503 SET character_set_client = utf8mb4 */;
CREATE TABLE `tbpcb0001` (
  `CHG_REQS_ID` varchar(20) NOT NULL,
  `IPDTM` timestamp NOT NULL DEFAULT CURRENT_TIMESTAMP ON UPDATE CURRENT_TIMESTAMP,
  `INPP_CD` varchar(8) NOT NULL,
  `POLI_NO` varchar(10) NOT NULL,
  `CUST_ID` varchar(10) DEFAULT NULL,
  `CHG_RQDT` char(8) DEFAULT NULL,
  `CHG_REQS_DCD` varchar(1) DEFAULT NULL,
  `RQP_CD` varchar(8) DEFAULT NULL,
  `CHG_PRC_SCD` varchar(2) DEFAULT NULL,
  `CDAMT` bigint DEFAULT NULL,
  `CHGBF_SRRF` bigint DEFAULT NULL,
  `CHGAF_SRRF` bigint DEFAULT NULL,
  `CTCG_CD` varchar(4) DEFAULT NULL,
  `REDT` char(8) DEFAULT NULL,
  `HDOFC_DT` char(8) DEFAULT NULL,
  `ISRD_CHGYN` char(1) DEFAULT NULL,
  PRIMARY KEY (`CHG_REQS_ID`)
) ENGINE=InnoDB DEFAULT CHARSET=utf8mb3;
/*!40101 SET character_set_client = @saved_cs_client */;

--
-- Dumping data for table `tbpcb0001`
--

LOCK TABLES `tbpcb0001` WRITE;
/*!40000 ALTER TABLE `tbpcb0001` DISABLE KEYS */;
INSERT INTO `tbpcb0001` VALUES ('20220921173141673','2022-09-21 08:31:41','00000000','1000000000','','20220921','1','00000001','11',0,20,20,'','','',NULL),('20220921173248403','2022-09-21 08:32:48','00000000','1000000000','','20220921','1','00000001','11',0,20,20,'','','',NULL),('20220921174840085','2022-09-21 08:48:40','00000000','1000000000','','20220921','1','00000001','11',0,20,20,'','','',NULL),('20220921180414887','2022-09-21 09:04:14','00000000','1000000000','','20220921','1','00000001','11',0,20,20,'','','',NULL),('20220922103339612','2022-09-22 01:33:39','00000000','1000000000','','20220922','1','00000001','11',0,20,20,'1004','','',NULL),('20220922103608901','2022-09-22 01:36:08','00000000','1000000000','','20220922','1','00000001','11',0,20,20,'1004','','',NULL),('20220922103836535','2022-09-22 01:38:36','00000000','1000000000','','20220922','1','00000001','11',0,0,0,'1016',NULL,NULL,NULL);
/*!40000 ALTER TABLE `tbpcb0001` ENABLE KEYS */;
UNLOCK TABLES;

--
-- Table structure for table `tbpcb0002`
--

DROP TABLE IF EXISTS `tbpcb0002`;
/*!40101 SET @saved_cs_client     = @@character_set_client */;
/*!50503 SET character_set_client = utf8mb4 */;
CREATE TABLE `tbpcb0002` (
  `CHG_REQS_ID` varchar(20) NOT NULL,
  `CHG_REQS_BFAF_DCD` varchar(1) NOT NULL,
  `IPDTM` timestamp NOT NULL DEFAULT CURRENT_TIMESTAMP ON UPDATE CURRENT_TIMESTAMP,
  `INPP_CD` varchar(8) NOT NULL,
  `TPRM` bigint DEFAULT NULL,
  `CTCG_YN` varchar(1) DEFAULT NULL,
  `INS_PRFP_DSTN_COMM_CD` varchar(1) DEFAULT NULL,
  `CNTR_RSPCD` varchar(2) DEFAULT NULL,
  `NOT_SMOK_DCYN` varchar(1) DEFAULT NULL,
  `VCN_INCL_DCYN` varchar(1) DEFAULT NULL,
  `MNYC_CBRT_DCYN` varchar(1) DEFAULT NULL,
  `MNYC_DC_PCNT` int DEFAULT NULL,
  `VCN_INCL_DT` varchar(8) DEFAULT NULL,
  `NOT_SMOK_DIAG_DT` varchar(8) DEFAULT NULL,
  PRIMARY KEY (`CHG_REQS_ID`,`CHG_REQS_BFAF_DCD`)
) ENGINE=InnoDB DEFAULT CHARSET=utf8mb3;
/*!40101 SET character_set_client = @saved_cs_client */;

--
-- Dumping data for table `tbpcb0002`
--

LOCK TABLES `tbpcb0002` WRITE;
/*!40000 ALTER TABLE `tbpcb0002` DISABLE KEYS */;
INSERT INTO `tbpcb0002` VALUES ('20220921173141673','1','2022-09-21 08:31:41','00000000',1000,'0','','',NULL,NULL,NULL,NULL,NULL,NULL),('20220921173248403','1','2022-09-21 08:32:48','00000000',1000,'0','','',NULL,NULL,NULL,NULL,NULL,NULL),('20220921173248403','2','2022-09-21 08:32:48','00000000',1000,'1','1','',NULL,NULL,NULL,NULL,NULL,NULL),('20220921174840085','1','2022-09-21 08:48:40','00000000',1000,'0','','',NULL,NULL,NULL,NULL,NULL,NULL),('20220921174840085','2','2022-09-21 08:48:40','00000000',1000,'1','','',NULL,NULL,NULL,NULL,NULL,NULL),('20220921180414887','1','2022-09-21 09:04:14','00000000',1000,'0','','',NULL,NULL,NULL,NULL,NULL,NULL),('20220921180414887','2','2022-09-21 09:04:14','00000000',1000,'1','','',NULL,NULL,NULL,NULL,NULL,NULL),('20220922103339612','1','2022-09-22 01:33:39','00000000',1000,'0','','',NULL,NULL,NULL,NULL,NULL,NULL),('20220922103339612','2','2022-09-22 01:33:39','00000000',1000,'1','','',NULL,NULL,NULL,NULL,NULL,NULL),('20220922103608901','1','2022-09-22 01:36:08','00000000',1000,'0','','',NULL,NULL,NULL,NULL,NULL,NULL),('20220922103608901','2','2022-09-22 01:36:08','00000000',1000,'1','','',NULL,NULL,NULL,NULL,NULL,NULL),('20220922103836535','1','2022-09-22 01:38:36','00000000',1000,'0',NULL,NULL,NULL,NULL,NULL,NULL,NULL,NULL),('20220922103836535','2','2022-09-22 01:38:36','00000000',900,'1',NULL,NULL,NULL,NULL,NULL,NULL,NULL,NULL);
/*!40000 ALTER TABLE `tbpcb0002` ENABLE KEYS */;
UNLOCK TABLES;

--
-- Table structure for table `tbpcb0003`
--

DROP TABLE IF EXISTS `tbpcb0003`;
/*!40101 SET @saved_cs_client     = @@character_set_client */;
/*!50503 SET character_set_client = utf8mb4 */;
CREATE TABLE `tbpcb0003` (
  `CHG_REQS_ID` varchar(20) NOT NULL,
  `MCTR_TRT_ID` varchar(20) NOT NULL,
  `CHG_REQS_BFAF_DCD` varchar(1) NOT NULL,
  `IPDTM` timestamp NOT NULL DEFAULT CURRENT_TIMESTAMP ON UPDATE CURRENT_TIMESTAMP,
  `INPP_CD` varchar(8) NOT NULL,
  `PLICD` varchar(5) NOT NULL,
  `NTRY_AMT` bigint DEFAULT NULL,
  `PRM` bigint DEFAULT NULL,
  PRIMARY KEY (`CHG_REQS_ID`,`MCTR_TRT_ID`,`CHG_REQS_BFAF_DCD`)
) ENGINE=InnoDB DEFAULT CHARSET=utf8mb3;
/*!40101 SET character_set_client = @saved_cs_client */;

--
-- Dumping data for table `tbpcb0003`
--

LOCK TABLES `tbpcb0003` WRITE;
/*!40000 ALTER TABLE `tbpcb0003` DISABLE KEYS */;
INSERT INTO `tbpcb0003` VALUES ('20220921173141673','00000000000000000001','1','2022-09-21 08:31:41','00000000','11111',1000000,500),('20220921173141673','00000000000000000002','1','2022-09-21 08:31:41','00000000','22222',1000000,500),('20220921173248403','00000000000000000001','1','2022-09-21 08:32:48','00000000','11111',1000000,500),('20220921173248403','00000000000000000001','2','2022-09-21 08:32:48','00000000','11111',1000000,500),('20220921173248403','00000000000000000002','1','2022-09-21 08:32:48','00000000','22222',1000000,500),('20220921173248403','00000000000000000002','2','2022-09-21 08:32:48','00000000','22222',1000000,500),('20220921174840085','00000000000000000001','1','2022-09-21 08:48:40','00000000','11111',1000000,500),('20220921174840085','00000000000000000001','2','2022-09-21 08:48:40','00000000','11111',1000000,500),('20220921174840085','00000000000000000002','1','2022-09-21 08:48:40','00000000','22222',1000000,500),('20220921174840085','00000000000000000002','2','2022-09-21 08:48:40','00000000','22222',1000000,500),('20220921180414887','00000000000000000001','1','2022-09-21 09:04:14','00000000','11111',1000000,500),('20220921180414887','00000000000000000001','2','2022-09-21 09:04:14','00000000','11111',1000000,500),('20220921180414887','00000000000000000002','1','2022-09-21 09:04:14','00000000','22222',1000000,500),('20220921180414887','00000000000000000002','2','2022-09-21 09:04:14','00000000','22222',1000000,500),('20220922103339612','00000000000000000001','1','2022-09-22 01:33:39','00000000','11111',1000000,500),('20220922103339612','00000000000000000001','2','2022-09-22 01:33:39','00000000','11111',1000000,500),('20220922103339612','00000000000000000002','1','2022-09-22 01:33:39','00000000','22222',1000000,500),('20220922103339612','00000000000000000002','2','2022-09-22 01:33:39','00000000','22222',1000000,500),('20220922103608901','00000000000000000001','1','2022-09-22 01:36:08','00000000','11111',1000000,500),('20220922103608901','00000000000000000001','2','2022-09-22 01:36:08','00000000','11111',1000000,500),('20220922103608901','00000000000000000002','1','2022-09-22 01:36:08','00000000','22222',1000000,500),('20220922103608901','00000000000000000002','2','2022-09-22 01:36:08','00000000','22222',1000000,500),('20220922103836535','00000000000000000001','1','2022-09-22 01:38:36','00000000','11111',1000000,500),('20220922103836535','00000000000000000001','2','2022-09-22 01:38:36','00000000','11111',1000000,400),('20220922103836535','00000000000000000002','1','2022-09-22 01:38:36','00000000','22222',1000000,500),('20220922103836535','00000000000000000002','2','2022-09-22 01:38:36','00000000','22222',1000000,500);
/*!40000 ALTER TABLE `tbpcb0003` ENABLE KEYS */;
UNLOCK TABLES;

--
-- Table structure for table `tbpcb0004`
--

DROP TABLE IF EXISTS `tbpcb0004`;
/*!40101 SET @saved_cs_client     = @@character_set_client */;
/*!50503 SET character_set_client = utf8mb4 */;
CREATE TABLE `tbpcb0004` (
  `CHG_REQS_ID` varchar(20) NOT NULL,
  `CUST_ID` varchar(10) NOT NULL,
  `CUST_CNTR_RTPY` varchar(2) NOT NULL,
  `CHG_REQS_BFAF_DCD` varchar(1) NOT NULL,
  `IPDTM` timestamp NOT NULL DEFAULT CURRENT_TIMESTAMP ON UPDATE CURRENT_TIMESTAMP,
  `INPP_CD` varchar(8) NOT NULL,
  `NTRY_AGE` int DEFAULT NULL,
  `JOBCD` varchar(6) DEFAULT NULL,
  `RISK_HOBY_CD` varchar(2) DEFAULT NULL,
  `DRVG_CARTP_CD` varchar(2) DEFAULT NULL,
  `RISK_GCD` varchar(2) DEFAULT NULL,
  `PRFP_DSTRT` int DEFAULT NULL,
  PRIMARY KEY (`CHG_REQS_ID`,`CUST_ID`,`CUST_CNTR_RTPY`,`CHG_REQS_BFAF_DCD`)
) ENGINE=InnoDB DEFAULT CHARSET=utf8mb3;
/*!40101 SET character_set_client = @saved_cs_client */;

--
-- Dumping data for table `tbpcb0004`
--

LOCK TABLES `tbpcb0004` WRITE;
/*!40000 ALTER TABLE `tbpcb0004` DISABLE KEYS */;
INSERT INTO `tbpcb0004` VALUES ('20220921173248403','0000000001','11','1','2022-09-21 08:32:48','00000000',20,'111111','1','2','',NULL),('20220921173248403','0000000001','11','2','2022-09-21 08:32:48','00000000',20,'111111','1','2','',NULL),('20220921173248403','0000000002','21','1','2022-09-21 08:32:48','00000000',19,'222222','1','3','',NULL),('20220921173248403','0000000002','21','2','2022-09-21 08:32:48','00000000',19,'222222','1','3','',NULL),('20220921173248403','0000000003','31','1','2022-09-21 08:32:48','00000000',30,'333333','1','4','',NULL),('20220921173248403','0000000004','31','2','2022-09-21 08:32:48','00000000',30,'333333','1','4','',NULL),('20220921174840085','0000000001','11','1','2022-09-21 08:48:40','00000000',20,'111111','1','2','',NULL),('20220921174840085','0000000001','11','2','2022-09-21 08:48:40','00000000',20,'111111','1','2','',NULL),('20220921174840085','0000000002','21','1','2022-09-21 08:48:40','00000000',19,'222222','1','3','',NULL),('20220921174840085','0000000002','21','2','2022-09-21 08:48:40','00000000',19,'222222','1','3','',NULL),('20220921174840085','0000000003','31','1','2022-09-21 08:48:40','00000000',30,'333333','1','4','',NULL),('20220921174840085','0000000004','31','2','2022-09-21 08:48:40','00000000',30,'333333','1','4','',NULL),('20220921180414887','0000000001','11','1','2022-09-21 09:04:14','00000000',20,'111111','1','2','',NULL),('20220921180414887','0000000001','11','2','2022-09-21 09:04:14','00000000',20,'111111','1','2','',NULL),('20220921180414887','0000000002','21','1','2022-09-21 09:04:14','00000000',19,'222222','1','3','',NULL),('20220921180414887','0000000002','21','2','2022-09-21 09:04:14','00000000',19,'222222','1','3','',NULL),('20220921180414887','0000000003','31','1','2022-09-21 09:04:14','00000000',30,'333333','1','4','',NULL),('20220921180414887','0000000003','31','2','2022-09-21 09:04:14','00000000',30,'333333','1','4','',NULL),('20220922103339612','0000000001','11','1','2022-09-22 01:33:39','00000000',20,'111111','1','2','',NULL),('20220922103339612','0000000001','11','2','2022-09-22 01:33:39','00000000',20,'111111','1','2','',NULL),('20220922103339612','0000000002','21','1','2022-09-22 01:33:39','00000000',19,'222222','1','3','',NULL),('20220922103339612','0000000002','21','2','2022-09-22 01:33:39','00000000',19,'222222','1','3','',NULL),('20220922103339612','0000000003','31','1','2022-09-22 01:33:39','00000000',30,'333333','1','4','',NULL),('20220922103339612','0000000004','31','2','2022-09-22 01:33:39','00000000',30,'333333','1','4','',NULL),('20220922103608901','0000000001','11','1','2022-09-22 01:36:08','00000000',20,'111111','1','2','',NULL),('20220922103608901','0000000001','11','2','2022-09-22 01:36:08','00000000',20,'111111','1','2','',NULL),('20220922103608901','0000000002','21','1','2022-09-22 01:36:08','00000000',19,'222222','1','3','',NULL),('20220922103608901','0000000002','21','2','2022-09-22 01:36:08','00000000',19,'222222','1','3','',NULL),('20220922103608901','0000000003','31','1','2022-09-22 01:36:08','00000000',30,'333333','1','4','',NULL),('20220922103608901','0000000004','31','2','2022-09-22 01:36:08','00000000',30,'333333','1','4','',NULL);
/*!40000 ALTER TABLE `tbpcb0004` ENABLE KEYS */;
UNLOCK TABLES;

--
-- Dumping events for database 'malife'
--



DROP TABLE IF EXISTS `tbpcb0006`;
/*!40101 SET @saved_cs_client     = @@character_set_client */;
/*!50503 SET character_set_client = utf8mb4 */;
CREATE TABLE `tbpcb0006` (
  `CHG_REQS_ID` varchar(20) NOT NULL,
  `CHG_REQS_BFAF_DCD` varchar(1) NOT NULL,
  `VAR_FND_KDCD` varchar(4) NOT NULL,
  `VAR_INPT_DCD` varchar(1) NOT NULL,
  `IPDTM` timestamp NOT NULL DEFAULT CURRENT_TIMESTAMP ON UPDATE CURRENT_TIMESTAMP,
  `INPP_CD` varchar(8) NOT NULL,
  `FND_DSTRT` int DEFAULT NULL,
  `STBY_RL_ID` char(20) DEFAULT NULL,
  PRIMARY KEY (`CHG_REQS_ID`,`CHG_REQS_BFAF_DCD`,`VAR_FND_KDCD`,`VAR_INPT_DCD`)
) ENGINE=InnoDB DEFAULT CHARSET=utf8mb3;
/*!40101 SET character_set_client = @saved_cs_client */;

--
-- Dumping data for table `tbpcb0006`
--

LOCK TABLES `tbpcb0006` WRITE;
/*!40000 ALTER TABLE `tbpcb0006` DISABLE KEYS */;
INSERT INTO `tbpcb0006` VALUES ('20220922103836536','1','W407','1','2022-10-13 06:40:45','00000000',50,NULL),('20220922103836536','1','W408','1','2022-10-13 06:40:45','00000000',50,NULL),('20220922103836536','1','W408','2','2022-10-13 06:39:51','00000000',100,NULL),('20220922103836536','2','W407','1','2022-10-13 06:40:45','00000000',50,NULL),('20220922103836536','2','W408','1','2022-10-13 06:40:45','00000000',50,NULL),('20220922103836536','2','W408','2','2022-10-13 06:39:51','00000000',100,NULL),('20221017172241047','1','W407','1','2022-10-17 08:22:41','00000000',50,''),('20221017172241047','1','W408','1','2022-10-17 08:22:41','00000000',50,''),('20221017172241047','1','W408','2','2022-10-17 08:22:41','00000000',100,''),('20221017173911019','1','W407','1','2022-10-17 08:39:11','00000000',50,''),('20221017173911019','1','W408','1','2022-10-17 08:39:11','00000000',50,''),('20221017173911019','1','W408','2','2022-10-17 08:39:11','00000000',100,''),('20221017173911019','2','W304','1','2022-10-17 08:39:11','00000000',30,''),('20221017173911019','2','W304','2','2022-10-17 08:39:11','00000000',30,''),('20221017173911019','2','W610','1','2022-10-17 08:39:11','00000000',30,''),('20221017173911019','2','W610','2','2022-10-17 08:39:11','00000000',30,''),('20221017173911019','2','W703','1','2022-10-17 08:39:11','00000000',40,''),('20221017173911019','2','W703','2','2022-10-17 08:39:11','00000000',40,''),('20221017174337749','1','W407','1','2022-10-17 08:43:37','00000000',50,''),('20221017174337749','1','W408','1','2022-10-17 08:43:37','00000000',50,''),('20221017174337749','1','W408','2','2022-10-17 08:43:37','00000000',100,''),('20221017174337749','2','W703','1','2022-10-17 08:43:37','00000000',60,''),('20221017174337749','2','W703','2','2022-10-17 08:43:37','00000000',60,''),('20221017174337749','2','W704','1','2022-10-17 08:43:37','00000000',40,''),('20221017174337749','2','W704','2','2022-10-17 08:43:37','00000000',40,''),('20221017174630598','1','W407','1','2022-10-17 08:46:30','00000000',50,''),('20221017174630598','1','W408','1','2022-10-17 08:46:30','00000000',50,''),('20221017174630598','1','W408','2','2022-10-17 08:46:30','00000000',100,''),('20221017174630598','1','W703','1','2022-10-17 08:46:30','00000000',60,''),('20221017174630598','1','W703','2','2022-10-17 08:46:30','00000000',60,''),('20221017174630598','1','W704','1','2022-10-17 08:46:30','00000000',40,''),('20221017174630598','1','W704','2','2022-10-17 08:46:30','00000000',40,''),('20221017174630598','2','W703','1','2022-10-17 08:46:30','00000000',40,''),('20221017174630598','2','W703','2','2022-10-17 08:46:30','00000000',40,''),('20221017174630598','2','W704','1','2022-10-17 08:46:30','00000000',60,''),('20221017174630598','2','W704','2','2022-10-17 08:46:30','00000000',60,''),('20221017174918170','1','W407','1','2022-10-17 08:49:18','00000000',50,''),('20221017174918170','1','W408','1','2022-10-17 08:49:18','00000000',50,''),('20221017174918170','1','W408','2','2022-10-17 08:49:18','00000000',100,''),('20221017174918170','1','W703','1','2022-10-17 08:49:18','00000000',60,''),('20221017174918170','1','W703','2','2022-10-17 08:49:18','00000000',60,''),('20221017174918170','1','W704','1','2022-10-17 08:49:18','00000000',40,''),('20221017174918170','1','W704','2','2022-10-17 08:49:18','00000000',40,''),('20221017174918170','2','W703','1','2022-10-17 08:49:18','00000000',60,''),('20221017174918170','2','W703','2','2022-10-17 08:49:18','00000000',60,''),('20221017174918170','2','W704','1','2022-10-17 08:49:18','00000000',40,''),('20221017174918170','2','W704','2','2022-10-17 08:49:18','00000000',40,''),('20221017175453438','1','W703','1','2022-10-17 08:54:53','00000000',60,''),('20221017175453438','1','W703','2','2022-10-17 08:54:53','00000000',60,''),('20221017175453438','1','W704','1','2022-10-17 08:54:53','00000000',40,''),('20221017175453438','1','W704','2','2022-10-17 08:54:53','00000000',40,''),('20221017175453438','2','W304','1','2022-10-17 08:54:53','00000000',60,''),('20221017175453438','2','W304','2','2022-10-17 08:54:53','00000000',60,''),('20221017175453438','2','W704','1','2022-10-17 08:54:53','00000000',40,''),('20221017175453438','2','W704','2','2022-10-17 08:54:53','00000000',40,''),('20221017175755484','1','W304','1','2022-10-17 08:57:55','00000000',60,''),('20221017175755484','1','W304','2','2022-10-17 08:57:55','00000000',60,''),('20221017175755484','1','W704','1','2022-10-17 08:57:55','00000000',40,''),('20221017175755484','1','W704','2','2022-10-17 08:57:55','00000000',40,''),('20221017175755484','2','W407','1','2022-10-17 08:57:55','00000000',50,''),('20221017175755484','2','W407','2','2022-10-17 08:57:55','00000000',50,''),('20221017175755484','2','W703','1','2022-10-17 08:57:55','00000000',50,''),('20221017175755484','2','W703','2','2022-10-17 08:57:55','00000000',50,''),('20221017175946973','1','W407','1','2022-10-17 08:59:46','00000000',50,''),('20221017175946973','1','W407','2','2022-10-17 08:59:46','00000000',50,''),('20221017175946973','1','W703','1','2022-10-17 08:59:46','00000000',50,''),('20221017175946973','1','W703','2','2022-10-17 08:59:46','00000000',50,''),('20221017175946973','2','W211','1','2022-10-17 08:59:46','00000000',70,''),('20221017175946973','2','W211','2','2022-10-17 08:59:46','00000000',70,''),('20221017175946973','2','W408','1','2022-10-17 08:59:46','00000000',30,''),('20221017175946973','2','W408','2','2022-10-17 08:59:46','00000000',30,''),('20221017180029638','1','W211','1','2022-10-17 09:00:29','00000000',70,''),('20221017180029638','1','W211','2','2022-10-17 09:00:29','00000000',70,''),('20221017180029638','1','W408','1','2022-10-17 09:00:29','00000000',30,''),('20221017180029638','1','W408','2','2022-10-17 09:00:29','00000000',30,''),('20221017180029638','2','W407','1','2022-10-17 09:00:29','00000000',50,''),('20221017180029638','2','W407','2','2022-10-17 09:00:29','00000000',50,''),('20221017180029638','2','W408','1','2022-10-17 09:00:29','00000000',50,''),('20221017180029638','2','W408','2','2022-10-17 09:00:29','00000000',50,''),('20221018095557998','1','W407','1','2022-10-18 00:55:58','00000000',50,''),('20221018095557998','1','W407','2','2022-10-18 00:55:58','00000000',50,''),('20221018095557998','1','W408','1','2022-10-18 00:55:58','00000000',50,''),('20221018095557998','1','W408','2','2022-10-18 00:55:58','00000000',50,''),('20221018095557998','2','W703','1','2022-10-18 00:55:58','00000000',100,''),('20221018095557998','2','W703','2','2022-10-18 00:55:58','00000000',100,''),('20221018103352032','1','W703','1','2022-10-18 01:33:52','00000000',100,''),('20221018103352032','1','W703','2','2022-10-18 01:33:52','00000000',100,''),('20221018103352032','2','W408','1','2022-10-18 01:33:52','00000000',100,''),('20221018103352032','2','W408','2','2022-10-18 01:33:52','00000000',100,''),('20221018133458171','1','W408','1','2022-10-18 04:34:58','00000000',100,''),('20221018133458171','1','W408','2','2022-10-18 04:34:58','00000000',100,''),('20221018133458171','2','W703','1','2022-10-18 04:34:58','00000000',100,''),('20221018133458171','2','W703','2','2022-10-18 04:34:58','00000000',100,''),('20221018134325997','1','W703','1','2022-10-18 04:43:26','00000000',100,''),('20221018134325997','1','W703','2','2022-10-18 04:43:26','00000000',100,''),('20221018134325997','2','W407','1','2022-10-18 04:43:26','00000000',0,''),('20221018134325997','2','W407','2','2022-10-18 04:43:26','00000000',20,''),('20221018134325997','2','W703','1','2022-10-18 04:43:26','00000000',100,''),('20221018134325997','2','W703','2','2022-10-18 04:43:26','00000000',80,''),('20221018144811836','1','W407','1','2022-10-18 05:48:11','00000000',0,''),('20221018144811836','1','W407','2','2022-10-18 05:48:11','00000000',20,''),('20221018144811836','1','W703','1','2022-10-18 05:48:11','00000000',100,''),('20221018144811836','1','W703','2','2022-10-18 05:48:11','00000000',80,''),('20221018144811836','2','W610','1','2022-10-18 05:48:11','00000000',50,''),('20221018144811836','2','W610','2','2022-10-18 05:48:11','00000000',50,''),('20221018144811836','2','W704','1','2022-10-18 05:48:11','00000000',50,''),('20221018144811836','2','W704','2','2022-10-18 05:48:11','00000000',50,'');
/*!40000 ALTER TABLE `tbpcb0006` ENABLE KEYS */;
UNLOCK TABLES;
/*!40103 SET TIME_ZONE=@OLD_TIME_ZONE */;

-- Dump completed on 2022-10-19 11:22:38


--
-- Dumping routines for database 'malife'
--
/*!50003 DROP FUNCTION IF EXISTS `nextval` */;
/*!50003 SET @saved_cs_client      = @@character_set_client */ ;
/*!50003 SET @saved_cs_results     = @@character_set_results */ ;
/*!50003 SET @saved_col_connection = @@collation_connection */ ;
/*!50003 SET character_set_client  = utf8mb4 */ ;
/*!50003 SET character_set_results = utf8mb4 */ ;
/*!50003 SET collation_connection  = utf8mb4_0900_ai_ci */ ;
/*!50003 SET @saved_sql_mode       = @@sql_mode */ ;
/*!50003 SET sql_mode              = 'NO_AUTO_VALUE_ON_ZERO' */ ;
DELIMITER ;;
CREATE FUNCTION `nextval`(accidentacno varchar(32)) RETURNS bigint unsigned
    MODIFIES SQL DATA
    DETERMINISTIC
BEGIN
 
 DECLARE ret BIGINT UNSIGNED;
    UPDATE sequences SET currval=currval+1 WHERE name=accidentacno;
    SELECT currval INTO ret FROM sequences WHERE name=accidentacno limit 1;
    RETURN ret;
END ;;
DELIMITER ;
/*!50003 SET sql_mode              = @saved_sql_mode */ ;
/*!50003 SET character_set_client  = @saved_cs_client */ ;
/*!50003 SET character_set_results = @saved_cs_results */ ;
/*!50003 SET collation_connection  = @saved_col_connection */ ;
/*!50003 DROP PROCEDURE IF EXISTS `create_sequence` */;
/*!50003 SET @saved_cs_client      = @@character_set_client */ ;
/*!50003 SET @saved_cs_results     = @@character_set_results */ ;
/*!50003 SET @saved_col_connection = @@collation_connection */ ;
/*!50003 SET character_set_client  = utf8mb4 */ ;
/*!50003 SET character_set_results = utf8mb4 */ ;
/*!50003 SET collation_connection  = utf8mb4_0900_ai_ci */ ;
/*!50003 SET @saved_sql_mode       = @@sql_mode */ ;
/*!50003 SET sql_mode              = 'NO_AUTO_VALUE_ON_ZERO' */ ;
DELIMITER ;;
CREATE PROCEDURE `create_sequence`(IN accidentacno text)
    MODIFIES SQL DATA
    DETERMINISTIC
BEGIN
    DELETE FROM sequences WHERE name=accidentacno;
    INSERT INTO sequences VALUES (accidentacno, 0);
END ;;
DELIMITER ;
/*!50003 SET sql_mode              = @saved_sql_mode */ ;
/*!50003 SET character_set_client  = @saved_cs_client */ ;
/*!50003 SET character_set_results = @saved_cs_results */ ;
/*!50003 SET collation_connection  = @saved_col_connection */ ;
/*!40103 SET TIME_ZONE=@OLD_TIME_ZONE */;

/*!40101 SET SQL_MODE=@OLD_SQL_MODE */;
/*!40014 SET FOREIGN_KEY_CHECKS=@OLD_FOREIGN_KEY_CHECKS */;
/*!40014 SET UNIQUE_CHECKS=@OLD_UNIQUE_CHECKS */;
/*!40101 SET CHARACTER_SET_CLIENT=@OLD_CHARACTER_SET_CLIENT */;
/*!40101 SET CHARACTER_SET_RESULTS=@OLD_CHARACTER_SET_RESULTS */;
/*!40101 SET COLLATION_CONNECTION=@OLD_COLLATION_CONNECTION */;
/*!40111 SET SQL_NOTES=@OLD_SQL_NOTES */;

-- Dump completed on 2022-10-19 11:02:49
